Building ID,building_type,usage_type,heated_area_m2,heated_volume_m3,window_to_heated,window_to_wall,annual_rc_kwh,annual_simstadt_kwh,annual_diff_kwh,annual_diff_pct,heating_mismatch_score,heating_diff_abs_kwh,heating_diff_abs_pct
DEBW_522100053Xz,RH,residential,69.2,142.7,0.28656069364161846,0.270016339869281,1152.6405369750082,2183.7000000000003,-1031.059463024992,-47.21616811031698,47.21616811031698,1031.059463024992,47.21616811031698
DEBW_52210004zCV,RH,residential,52.4,96.1,0.384351145038168,0.3477209944751381,1114.4178726185728,1860.4,-745.9821273814273,-40.09794277474883,40.09794277474883,745.9821273814273,40.09794277474883
DEBW_522100050uW,EFH,residential,367.1,906.4,0.1651593571233996,0.1633659364643117,5822.153125196675,8300.1,-2477.946874803325,-29.854421932305936,29.854421932305936,2477.946874803325,29.854421932305936
DEBW_52210005zd7,MFH,residential,338.7,1058.5,0.1759078830823738,0.2165994110590031,6980.44295213849,9703.0,-2722.55704786151,-28.058920414938783,28.058920414938783,2722.55704786151,28.058920414938783
DEBW_52210005Jkv,EFH,residential,253.5,792.2,0.1831163708086785,0.1400132714001327,6044.244983733047,8359.8,-2315.5550162669524,-27.69868915843624,27.69868915843624,2315.5550162669524,27.69868915843624
DEBW_52210005gwl,RH,residential,53.1,166.0,0.48907721280602634,0.2700426328376832,1817.14331173561,2512.8,-695.6566882643901,-27.684522773972862,27.684522773972862,695.6566882643901,27.684522773972862
DEBW_522100051Hd,MFH,residential,311.1,972.2,0.1156862745098039,0.2594621872972388,5849.586546020577,8086.900000000001,-2237.3134539794237,-27.665897364619614,27.665897364619614,2237.3134539794237,27.665897364619614
DEBW_52210004Fca,EFH,residential,74.2,231.8,0.36388140161725074,0.1751767988062025,2197.5489668806786,3024.0,-826.4510331193214,-27.329729931194496,27.329729931194496,826.4510331193214,27.329729931194496
DEBW_52210005fBS,MFH,residential,363.3,936.4,0.20206440957886043,0.197710746027471,6579.379737753536,9053.2,-2473.820262246465,-27.3253685133043,27.3253685133043,2473.820262246465,27.3253685133043
DEBW_52210005k39,MFH,residential,525.2,1641.4,0.16814546839299316,0.2193710254372019,10886.66084026815,14805.000000000002,-3918.3391597318514,-26.466323267354618,26.466323267354618,3918.3391597318514,26.466323267354618
DEBW_52210005zmV,EFH,residential,641.1,1555.8,0.13080642645453128,0.1707908189242581,9440.989398861551,12687.9,-3246.9106011384483,-25.5906068075761,25.5906068075761,3246.9106011384483,25.5906068075761
DEBW_52210005xO2,EFH,residential,223.3,697.7,0.2025974025974026,0.1749419953596288,5582.678629944692,7500.7,-1918.0213700553077,-25.57123161911965,25.57123161911965,1918.0213700553077,25.57123161911965
DEBW_52210004FT7,MFH,residential,431.0,1346.7,0.20088167053364273,0.2142379927251132,9596.074440590588,12867.4,-3271.3255594094117,-25.423361047370964,25.423361047370964,3271.3255594094117,25.423361047370964
DEBW_52210005djN,MFH,residential,440.9,1377.7,0.20991154456792924,0.2152075340076735,10069.230291865157,13429.9,-3360.669708134843,-25.02378802623134,25.02378802623134,3360.669708134843,25.02378802623134
DEBW_52210004G6k,MFH,residential,349.6,1092.5,0.22617276887871854,0.2131037084950409,8323.5104444646,11101.5,-2777.9895555353996,-25.023551371755165,25.023551371755165,2777.9895555353996,25.023551371755165
DEBW_52210003tQY,MFH,residential,449.8,1405.5,0.1760337927967986,0.2262544290776088,9764.835848116883,12952.1,-3187.264151883117,-24.60808789218055,24.60808789218055,3187.264151883117,24.60808789218055
DEBW_52210004dQ2,EFH,residential,191.4,598.1,0.22204806687565307,0.1842938294089588,5013.840504476456,6601.500000000001,-1587.659495523545,-24.049980997099826,24.049980997099826,1587.659495523545,24.049980997099826
DEBW_52210004FOx,EFH,residential,228.5,714.2,0.21947483588621444,0.1711545681034777,5853.44489820389,7650.7,-1797.2551017961096,-23.491381204283392,23.491381204283392,1797.2551017961096,23.491381204283392
DEBW_522100060Oq,EFH,residential,294.6,920.8,0.17107942973523418,0.1775398055516415,6581.623510176676,8598.7,-2017.0764898233247,-23.457923753861916,23.457923753861916,2017.0764898233247,23.457923753861916
DEBW_522100060Iy,MFH,residential,385.1,1203.5,0.22137107244871465,0.2080587689754478,9038.832227249268,11804.6,-2765.7677727507325,-23.42957637489396,23.42957637489396,2765.7677727507325,23.42957637489396
DEBW_52210005JOp,MFH,residential,371.7,1161.6,0.20086090933548562,0.2153322565759113,8550.66338839344,11152.6,-2601.936611606561,-23.330314111566462,23.330314111566462,2601.936611606561,23.330314111566462
DEBW_522100060Xf,MFH,residential,482.1,1506.6,0.20242688238954573,0.2158784232181569,11157.978568690329,14550.2,-3392.221431309672,-23.31391617510187,23.31391617510187,3392.221431309672,23.31391617510187
DEBW_52210005gOD,MFH,residential,378.2,1181.8,0.23421470121628765,0.2112014496554684,9403.500558160476,12237.5,-2833.9994418395236,-23.158320260179966,23.158320260179966,2833.9994418395236,23.158320260179966
DEBW_52210004caM,RH,residential,888.6,2251.2,0.20757371145622325,0.2989804353816478,13935.128313803423,18036.5,-4101.371686196577,-22.739288033690443,22.739288033690443,4101.371686196577,22.739288033690443
DEBW_52210003xXe,MFH,residential,697.5,2179.6,0.18633691756272405,0.2086497246793276,15258.061301402882,19704.1,-4446.038698597116,-22.5640282915592,22.5640282915592,4446.038698597116,22.5640282915592
DEBW_52210004zyP,MFH,residential,412.4,1288.8,0.2188409311348206,0.207380684298812,9821.11954896378,12667.5,-2846.3804510362206,-22.469946327501248,22.469946327501248,2846.3804510362206,22.469946327501248
DEBW_522100060vu,MFH,residential,297.7,930.4,0.19570036949949612,0.2123177842565597,6739.931754291881,8681.800000000001,-1941.8682457081204,-22.36711564085927,22.36711564085927,1941.8682457081204,22.36711564085927
DEBW_52210005Mki,MFH,residential,451.2,1409.9,0.22737145390070923,0.2110992221902136,10755.173043763843,13840.399999999998,-3085.2269562361544,-22.291458023150735,22.291458023150735,3085.2269562361544,22.291458023150735
DEBW_52210005K93,MFH,residential,426.0,1331.4,0.23075117370892018,0.2113387655064175,10265.875296303762,13204.1,-2938.224703696238,-22.252366338457282,22.252366338457282,2938.224703696238,22.252366338457282
DEBW_52210004dF4,RH,residential,136.9,427.9,0.39035792549306064,0.2965758366169044,3826.189717083937,4917.4,-1091.2102829160626,-22.190797635255677,22.190797635255677,1091.2102829160626,22.190797635255677
DEBW_52210004edl,EFH,residential,237.7,743.0,0.21598653765250317,0.1725772294867054,6203.671442865316,7969.0,-1765.3285571346842,-22.152447699017245,22.152447699017245,1765.3285571346842,22.152447699017245
DEBW_52210006NMW,MFH,residential,328.3,1026.0,0.2550106609808102,0.2089917371876482,8376.778521975988,10721.8,-2345.0214780240112,-21.87152789665925,21.87152789665925,2345.0214780240112,21.87152789665925
DEBW_52210005yqw,MFH,residential,419.1,1309.8,0.23736578382247672,0.210887814805393,10255.314737789608,13069.9,-2814.585262210392,-21.534864552983514,21.534864552983514,2814.585262210392,21.534864552983514
DEBW_52210005N87,MFH,residential,297.1,928.5,0.25270952541231906,0.2104555010511562,7576.58396665934,9654.5,-2077.91603334066,-21.522772109800197,21.522772109800197,2077.91603334066,21.522772109800197
DEBW_52210004xqq,MFH,residential,551.2,1722.5,0.1402031930333817,0.223850766155896,10809.40562783614,13769.499999999998,-2960.0943721638578,-21.497471746714538,21.497471746714538,2960.0943721638578,21.497471746714538
DEBW_52210005KXK,MFH,residential,176.3,550.8,0.24645490640952922,0.207398568019093,4806.674809431151,6108.4,-1301.725190568849,-21.31041173742468,21.31041173742468,1301.725190568849,21.31041173742468
DEBW_52210006Hwg,RH,residential,851.2,2105.4,0.21116071428571423,0.2983434584868704,13238.566782400105,16803.4,-3564.8332175998967,-21.21495184069829,21.21495184069829,3564.8332175998967,21.21495184069829
DEBW_52210006IxM,GMH,residential,1406.2,4394.4,0.15493528658796757,0.2185211931556037,28510.67086113952,36171.6,-7660.92913886048,-21.179403562077653,21.179403562077653,7660.92913886048,21.179403562077653
DEBW_52210005M2x,MFH,residential,415.8,1299.2,0.22123617123617123,0.2167173180672367,10133.08834280302,12848.1,-2715.011657196981,-21.131619906421815,21.131619906421815,2715.011657196981,21.131619906421815
DEBW_52210003uzO,MFH,residential,414.7,1295.9,0.22534362189534604,0.2109861826063397,9900.680600364294,12547.0,-2646.319399635706,-21.09125208923014,21.09125208923014,2646.319399635706,21.09125208923014
DEBW_52210004bgQ,MFH,residential,403.9,1262.3,0.2236444664520921,0.2140217030753921,9886.553325761282,12527.4,-2640.8466742387172,-21.080564795877173,21.080564795877173,2640.8466742387172,21.080564795877173
DEBW_52210005diH,MFH,residential,420.5,1314.0,0.24133174791914389,0.210845626428423,10690.897093787127,13487.5,-2796.6029062128728,-20.73477594967839,20.73477594967839,2796.6029062128728,20.73477594967839
DEBW_52210005xLD,MFH,residential,317.3,991.4,0.24390167034352353,0.2054747238742566,7782.331743603552,9812.6,-2030.2682563964481,-20.690421054526304,20.690421054526304,2030.2682563964481,20.690421054526304
DEBW_52210004y9B,MFH,residential,388.6,1214.5,0.22552753474009263,0.2170327629330626,9606.38060250841,12099.9,-2493.519397491589,-20.60776863851428,20.60776863851428,2493.519397491589,20.60776863851428
DEBW_52210004xsG,EFH,residential,162.4,507.4,0.2538177339901478,0.1664176995437846,4657.623511835604,5857.700000000001,-1200.0764881643963,-20.487161994714583,20.487161994714583,1200.0764881643963,20.487161994714583
DEBW_52210004HrR,MFH,residential,466.7,1458.4,0.21716305978144415,0.2088441962537863,11150.14424837456,14011.0,-2860.8557516254405,-20.418640722471203,20.418640722471203,2860.8557516254405,20.418640722471203
DEBW_52210005JtI,MFH,residential,601.6,1880.0,0.20743018617021278,0.2081081982522846,13945.52106094917,17461.1,-3515.578939050829,-20.133777018921084,20.133777018921084,3515.578939050829,20.133777018921084
DEBW_52210004xfl,MFH,residential,401.0,1253.1,0.2397506234413965,0.2105977963242864,9864.921095115717,12319.9,-2454.978904884283,-19.92693856999069,19.92693856999069,2454.978904884283,19.92693856999069
DEBW_52210004zE4,MFH,residential,213.3,666.4,0.23464603844350676,0.2179403440017417,5392.30295362171,6733.0,-1340.69704637829,-19.912328031758356,19.912328031758356,1340.69704637829,19.912328031758356
DEBW_52210006KHx,MFH,residential,399.6,1248.6,0.24111611611611608,0.210293122640068,9860.260186925629,12285.7,-2425.439813074372,-19.741974922669215,19.741974922669215,2425.439813074372,19.741974922669215
DEBW_52210003uss,MFH,residential,426.3,1332.1,0.15151301900070374,0.1799966558912049,9012.2419457226,11227.0,-2214.7580542773994,-19.727069157187135,19.727069157187135,2214.7580542773994,19.727069157187135
DEBW_52210005y86,MFH,residential,283.8,886.7,0.26455250176180406,0.2105558359975321,7639.703407204559,9514.7,-1874.9965927954418,-19.706313313036055,19.706313313036055,1874.9965927954418,19.706313313036055
DEBW_52210005KUx,MFH,residential,352.9,1102.9,0.25996032870501556,0.2074298505437854,9077.19004830797,11261.1,-2183.9099516920305,-19.3933980844858,19.3933980844858,2183.9099516920305,19.3933980844858
DEBW_52210004dGw,MFH,residential,410.5,1282.7,0.18338611449451891,0.2175093903496099,9139.944411241868,11327.2,-2187.255588758133,-19.309764008388065,19.309764008388065,2187.255588758133,19.309764008388065
DEBW_52210006J1X,RH,residential,211.3,660.2,0.25532418362517745,0.3055964653902798,5172.482359468828,6406.3,-1233.8176405311724,-19.259442119962728,19.259442119962728,1233.8176405311724,19.259442119962728
DEBW_522100063eT,MFH,residential,3143.4,8185.4,0.09242539924922058,0.1800039652544578,46490.176517179614,57515.90000000001,-11025.723482820395,-19.169870388571496,19.169870388571496,11025.723482820395,19.169870388571496
DEBW_52210005xM5,MFH,residential,380.5,1189.0,0.2419185282522996,0.2083380485707172,9650.414341961186,11935.2,-2284.7856580388143,-19.143254055556792,19.143254055556792,2284.7856580388143,19.143254055556792
DEBW_52210004I04,MFH,residential,376.1,1175.3,0.23852698750332355,0.2090216454251031,9483.433403495765,11711.8,-2228.3665965042346,-19.026679045955657,19.026679045955657,2228.3665965042346,19.026679045955657
DEBW_52210004HiD,MFH,residential,400.2,1250.6,0.2302848575712144,0.2104878494427187,9975.047814305644,12305.2,-2330.1521856943564,-18.93632111379219,18.93632111379219,2330.1521856943564,18.93632111379219
DEBW_5221000518C,MFH,residential,548.3,1482.5,0.17950027357286158,0.1800025604916144,10870.115881645006,13394.6,-2524.4841183549943,-18.847028790370704,18.847028790370704,2524.4841183549943,18.847028790370704
DEBW_52210006KbP,MFH,residential,285.1,890.8,0.262504384426517,0.2073589715172337,7590.287892275694,9351.1,-1760.8121077243068,-18.829999761785317,18.829999761785317,1760.8121077243068,18.829999761785317
DEBW_52210004GDQ,MFH,residential,408.0,1275.1,0.17776960784313722,0.2150438804554079,8905.244336739426,10934.999999999998,-2029.755663260572,-18.56200880896728,18.56200880896728,2029.755663260572,18.56200880896728
DEBW_52210004evV,MFH,residential,445.0,1390.7,0.22141573033707868,0.2087809632784523,10739.14533344918,13147.6,-2408.4546665508205,-18.318587928981874,18.318587928981874,2408.4546665508205,18.318587928981874
DEBW_52210006GkA,MFH,residential,360.6,1126.7,0.21638935108153076,0.2120034776938543,8914.262492628024,10876.8,-1962.5375073719752,-18.043335423764116,18.043335423764116,1962.5375073719752,18.043335423764116
DEBW_52210005doZ,MFH,residential,324.2,1013.1,0.23942011104256633,0.2098234801178601,8175.201653539032,9974.1,-1798.8983464609682,-18.035695917034804,18.035695917034804,1798.8983464609682,18.035695917034804
DEBW_522100051DN,MFH,residential,163.8,511.8,0.23913308913308912,0.2107386883305536,4371.098547398091,5323.0,-951.9014526019091,-17.882800161598894,17.882800161598894,951.9014526019091,17.882800161598894
DEBW_52210003vBM,MFH,residential,376.4,1176.1,0.25358660998937305,0.2053438891637803,9773.36235647535,11877.3,-2103.9376435246486,-17.713938719445068,17.713938719445068,2103.9376435246486,17.713938719445068
DEBW_52210006Krt,RH,residential,166.7,521.1,0.3187162567486503,0.3167779632721202,4471.433558798056,5402.700000000001,-931.2664412019449,-17.23705630891859,17.23705630891859,931.2664412019449,17.23705630891859
DEBW_52210005JLO,MFH,residential,251.3,785.4,0.28563469956227616,0.2051736458482206,7026.253610380676,8451.0,-1424.746389619324,-16.858908882017797,16.858908882017797,1424.746389619324,16.858908882017797
DEBW_522100050wu,MFH,residential,430.5,1345.2,0.22492450638792102,0.2035954583683768,10506.837800605195,12616.8,-2109.962199394804,-16.723433829455995,16.723433829455995,2109.962199394804,16.723433829455995
DEBW_52210003rIo,RH,residential,166.8,521.1,0.3502398081534772,0.3117229603543033,5167.614503591888,6191.0,-1023.385496408112,-16.530213154710257,16.530213154710257,1023.385496408112,16.530213154710257
DEBW_52210005LJS,MFH,residential,300.0,937.3,0.24240000000000003,0.2078605116478491,7419.347550544235,8884.6,-1465.2524494557656,-16.49204746928129,16.49204746928129,1465.2524494557656,16.49204746928129
DEBW_52210005dgg,MFH,residential,165.1,515.8,0.2668685645063598,0.223179009218924,5037.004487096814,6019.7,-982.6955129031858,-16.32465925051391,16.32465925051391,982.6955129031858,16.32465925051391
DEBW_52210005KEF,MFH,residential,2050.4,6407.4,0.13777799453765116,0.2133524658258439,41958.49002953701,50136.6,-8178.109970462989,-16.311656495380596,16.311656495380596,8178.109970462989,16.311656495380596
DEBW_52210005fRo,MFH,residential,325.1,1016.0,0.19403260535219932,0.2288077188146106,7562.439738202868,9025.4,-1462.9602617971314,-16.209367582568433,16.209367582568433,1462.9602617971314,16.209367582568433
DEBW_52210003tNq,MFH,residential,244.1,762.8,0.30991396968455553,0.2020080643007824,7141.75218614243,8513.2,-1371.4478138575705,-16.10966280432235,16.10966280432235,1371.4478138575705,16.10966280432235
DEBW_52210005J24,MFH,residential,559.7,1553.9,0.2084688225835269,0.1941366343882067,10780.94413556258,12834.7,-2053.7558644374203,-16.00158838490514,16.00158838490514,2053.7558644374203,16.00158838490514
DEBW_52210005eg5,MFH,residential,310.4,970.0,0.24007731958762893,0.209744152664021,8001.708017137047,9525.8,-1524.0919828629521,-15.999621899084092,15.999621899084092,1524.0919828629521,15.999621899084092
DEBW_52210004Lja,MFH,residential,472.1,1475.3,0.21584410082609617,0.2118370995572002,12235.503728154215,14551.8,-2316.296271845784,-15.917592819072444,15.917592819072444,2316.296271845784,15.917592819072444
DEBW_52210003sUv,RH,residential,153.1,478.3,0.21051600261267145,0.3952176578786021,3964.121564235531,4705.1,-740.9784357644694,-15.748409933146357,15.748409933146357,740.9784357644694,15.748409933146357
DEBW_52210005MRo,RH,residential,163.5,511.0,0.3511926605504587,0.3099093264248704,4510.337549162701,5344.999999999999,-834.6624508372979,-15.615761474972835,15.615761474972835,834.6624508372979,15.615761474972835
DEBW_52210004xrI,MFH,residential,297.4,929.4,0.2212508406186954,0.2247421271944805,7906.575870069581,9343.8,-1437.2241299304187,-15.381580619559694,15.381580619559694,1437.2241299304187,15.381580619559694
DEBW_52210005gvh,EFH,residential,335.5,1048.4,0.15517138599105812,0.1833227692090992,8073.1706649216,9521.5,-1448.3293350783997,-15.211146721403138,15.211146721403138,1448.3293350783997,15.211146721403138
DEBW_52210006JsB,MFH,residential,434.9,1359.2,0.21223269717176363,0.2140190599856238,10991.050072396289,12961.899999999998,-1970.8499276037091,-15.204946247106594,15.204946247106594,1970.8499276037091,15.204946247106594
DEBW_52210005g5H,EFH,residential,85.5,196.5,0.24690058479532162,0.1730327868852459,2030.073320794762,2392.9999999999995,-362.92667920523763,-15.166179657552766,15.166179657552766,362.92667920523763,15.166179657552766
DEBW_522100050Oj,MFH,residential,216.4,676.1,0.23405730129390018,0.2133709663830146,5576.163690870485,6566.699999999999,-990.5363091295139,-15.084232706374802,15.084232706374802,990.5363091295139,15.084232706374802
DEBW_52210006Hkl,EFH,residential,316.7,989.8,0.1801389327439217,0.1705071879016109,8106.428557643449,9529.1,-1422.6714423565518,-14.92975666491643,14.92975666491643,1422.6714423565518,14.92975666491643
DEBW_52210005evc,MFH,residential,411.7,1286.5,0.1968666504736459,0.2128581558421094,9734.265301859808,11442.1,-1707.834698140192,-14.925885092248729,14.925885092248729,1707.834698140192,14.925885092248729
DEBW_52210006HXy,EFH,residential,192.3,600.8,0.24430577223088928,0.199923400995787,5802.563032680619,6787.299999999999,-984.7369673193807,-14.50852278990734,14.50852278990734,984.7369673193807,14.50852278990734
DEBW_52210005PRs,MFH,residential,364.1,1137.7,0.3761878604778906,0.2214229133998286,13174.429188008076,15403.4,-2228.9708119919233,-14.470641624523958,14.470641624523958,2228.9708119919233,14.470641624523958
DEBW_522100054BV,MFH,residential,216.2,675.7,0.2292321924144311,0.2205411178355286,5675.291877621384,6633.700000000001,-958.408122378617,-14.447565044825916,14.447565044825916,958.408122378617,14.447565044825916
DEBW_52210004GPg,MFH,residential,338.7,1058.6,0.19955713020372012,0.213016073116924,8287.15161538297,9673.9,-1386.748384617029,-14.33494644990158,14.33494644990158,1386.748384617029,14.33494644990158
DEBW_52210004IuQ,MFH,residential,311.8,974.2,0.2295060936497755,0.2214657093339935,7942.096266074006,9252.3,-1310.2037339259932,-14.160843616462861,14.160843616462861,1310.2037339259932,14.160843616462861
DEBW_52210003t7f,MFH,residential,308.8,965.1,0.19776554404145077,0.218975223206282,7998.183631064275,9299.8,-1301.6163689357245,-13.996175927823444,13.996175927823444,1301.6163689357245,13.996175927823444
DEBW_5221Us0004K,RH,residential,298.1,931.6,0.3566923851056692,0.2960683855877931,9428.134794201927,8281.099999999999,1147.034794201929,13.851237084468599,13.851237084468599,1147.034794201929,13.851237084468599
DEBW_52210004H20,MFH,residential,1241.4,3394.4,0.1618817464153375,0.1986025872888809,22289.65275869225,25844.4,-3554.747241307752,-13.754419685919393,13.754419685919393,3554.747241307752,13.754419685919393
DEBW_52210005fiS,EFH,residential,208.6,652.0,0.2176893576222435,0.1834747474747475,6121.788784485391,7096.700000000001,-974.9112155146095,-13.737528929144665,13.737528929144665,974.9112155146095,13.737528929144665
DEBW_52210003xIr,RH,residential,191.6,598.6,0.324321503131524,0.3027232425585814,5648.504315485353,6528.0,-879.4956845146471,-13.472666735824864,13.472666735824864,879.4956845146471,13.472666735824864
DEBW_52210003sTZ,EFH,residential,221.4,692.0,0.22353206865401987,0.1724810929494998,6403.637212003161,7343.3,-939.6627879968391,-12.796192284079899,12.796192284079899,939.6627879968391,12.796192284079899
DEBW_52210003v4C,RH,residential,238.3,744.7,0.27473772555602183,0.2699905150727865,5953.443163622393,6824.0,-870.5568363776074,-12.757280720656615,12.757280720656615,870.5568363776074,12.757280720656615
DEBW_52210004HxR,MFH,residential,227.6,711.1,0.2664323374340949,0.2182865370770338,6642.044150636581,7611.400000000001,-969.3558493634191,-12.735578860175776,12.735578860175776,969.3558493634191,12.735578860175776
DEBW_52210005xzK,EFH,residential,230.0,718.7,0.20895652173913046,0.1749608649750627,6406.149178200201,7332.299999999999,-926.150821799798,-12.631109226297315,12.631109226297315,926.150821799798,12.631109226297315
DEBW_52210003rFb,MFH,residential,530.3,1657.2,0.14535168772392987,0.2208532706799232,11622.060526204124,13301.6,-1679.539473795876,-12.626597355174384,12.626597355174384,1679.539473795876,12.626597355174384
DEBW_52210004Hxc,MFH,residential,358.6,1120.7,0.2179866146123815,0.2113731004272349,8681.473794010974,9913.7,-1232.2262059890272,-12.429528894247628,12.429528894247628,1232.2262059890272,12.429528894247628
DEBW_52210005yi4,MFH,residential,136.3,426.0,0.19398385913426264,0.2241247774858014,3476.8421684023883,3968.4,-491.55783159761177,-12.38680152196381,12.38680152196381,491.55783159761177,12.38680152196381
DEBW_52210004L5J,MFH,residential,561.8,1755.5,0.18739765040939838,0.2139272143539309,13932.676322427862,15852.0,-1919.323677572138,-12.107769855993805,12.107769855993805,1919.323677572138,12.107769855993805
DEBW_522100060XU,EFH,residential,169.3,529.0,0.25321913762551684,0.1787441627751834,5287.032690715549,6008.0,-720.9673092844514,-12.000121659195264,12.000121659195264,720.9673092844514,12.000121659195264
DEBW_52210005jPg,MFH,residential,333.6,1042.4,0.24361510791366903,0.2068307332094775,9232.139618305617,10466.2,-1234.060381694384,-11.790911521797634,11.790911521797634,1234.060381694384,11.790911521797634
DEBW_52210003qwF,MFH,residential,260.9,815.3,0.23533921042545042,0.215415921131109,7133.714362836258,8039.500000000001,-905.7856371637426,-11.26669117686103,11.26669117686103,905.7856371637426,11.26669117686103
DEBW_52210006I2P,MFH,residential,311.4,973.1,0.25879897238278743,0.2159894939965694,9022.646169477795,10141.9,-1119.2538305222042,-11.03593834017496,11.03593834017496,1119.2538305222042,11.03593834017496
DEBW_52210005xRe,RH,residential,76.6,239.3,0.33537859007832904,0.2699947451392538,2371.948242098845,2664.9,-292.9517579011549,-10.992973766413558,10.992973766413558,292.9517579011549,10.992973766413558
DEBW_52210005enf,GMH,residential,863.9,2699.8,0.14418335455492537,0.215718194728274,18285.418368316125,20542.2,-2256.781631683876,-10.986075647612601,10.986075647612601,2256.781631683876,10.986075647612601
DEBW_52210004dNl,EFH,residential,304.0,950.1,0.20740131578947368,0.1644711099517412,8584.043390215877,9632.8,-1048.7566097841227,-10.887349574206075,10.887349574206075,1048.7566097841227,10.887349574206075
DEBW_52210004f3W,MFH,residential,211.9,662.1,0.33747050495516756,0.1957729898431297,6773.157315153145,7596.1,-822.9426848468556,-10.833752647369778,10.833752647369778,822.9426848468556,10.833752647369778
DEBW_52210006Iok,EFH,residential,246.1,769.0,0.22161722876879317,0.179307624026038,6691.849843221068,7498.1,-806.2501567789323,-10.752726114334727,10.752726114334727,806.2501567789323,10.752726114334727
DEBW_52210004Hls,EFH,residential,275.0,859.3,0.20370909090909092,0.1689384800965018,6626.812307725244,7408.6,-781.7876922747564,-10.552434903689717,10.552434903689717,781.7876922747564,10.552434903689717
DEBW_52210003qta,MFH,residential,219.5,686.1,0.26519362186788153,0.21331720902961,6220.584525049184,6951.099999999999,-730.5154749508156,-10.509350677602331,10.509350677602331,730.5154749508156,10.509350677602331
DEBW_52210005ej5,MFH,residential,348.9,1090.4,0.22599598738893667,0.2194728198847663,9101.56879449795,10167.9,-1066.3312055020488,-10.487231439157043,10.487231439157043,1066.3312055020488,10.487231439157043
DEBW_52210004yBG,MFH,residential,541.5,1692.3,0.22169898430286242,0.2110620791504773,14267.45245566752,15936.100000000002,-1668.6475443324816,-10.470865169850098,10.470865169850098,1668.6475443324816,10.470865169850098
DEBW_52210005L4M,MFH,residential,226.6,708.0,0.2540158870255958,0.2125161528521321,6354.457460116069,7096.4,-741.9425398839303,-10.455196154161692,10.455196154161692,741.9425398839303,10.455196154161692
DEBW_52210006KcE,MFH,residential,399.2,1247.5,0.19777054108216435,0.2176250068912288,10793.69516286215,12045.8,-1252.1048371378492,-10.394534502796406,10.394534502796406,1252.1048371378492,10.394534502796406
DEBW_52210004HIN,RH,residential,286.3,894.6,0.30513447432762836,0.2999279019466475,8143.751467372252,7389.299999999999,754.4514673722524,10.210053284780052,10.210053284780052,754.4514673722524,10.210053284780052
DEBW_52210003snr,MFH,residential,266.4,832.5,0.2758633633633634,0.2102537693474094,7698.837317216081,8569.400000000001,-870.5626827839205,-10.158968921790562,10.158968921790562,870.5626827839205,10.158968921790562
DEBW_52210006J9b,MFH,residential,615.6,1923.8,0.21211825860948666,0.210080924111524,14899.553151898624,16582.0,-1682.4468481013755,-10.146223906050992,10.146223906050992,1682.4468481013755,10.146223906050992
DEBW_52210004zH7,MFH,residential,301.4,941.9,0.212342402123424,0.222152799472387,7526.481181214631,8348.1,-821.6188187853695,-9.841985826539805,9.841985826539805,821.6188187853695,9.841985826539805
DEBW_52210004FnA,MFH,residential,211.4,660.5,0.2834910122989593,0.2175080753456973,6423.58412470531,7113.900000000001,-690.3158752946902,-9.703761302445777,9.703761302445777,690.3158752946902,9.703761302445777
DEBW_522Ue00002q,MFH,residential,238.4,744.9,0.31442953020134223,0.2110598040319856,7619.173412781557,8433.0,-813.8265872184429,-9.65049907765259,9.65049907765259,813.8265872184429,9.65049907765259
DEBW_52210004eFK,MFH,residential,805.1,2515.8,0.1985840268289653,0.2117700041061233,19365.09758451258,21413.4,-2048.302415487422,-9.565516991638049,9.565516991638049,2048.302415487422,9.565516991638049
DEBW_52210005yjZ,MFH,residential,423.5,1323.4,0.2208500590318772,0.2151202907217443,10606.434167196292,11716.0,-1109.565832803708,-9.47051752136999,9.47051752136999,1109.565832803708,9.47051752136999
DEBW_52210005em7,MFH,residential,831.7,2599.0,0.17275459901406756,0.2248231833260311,19738.39697685307,21794.4,-2056.003023146932,-9.433629845955528,9.433629845955528,2056.003023146932,9.433629845955528
DEBW_52210004fK1,MFH,residential,272.8,852.6,0.2760263929618768,0.2180017949682985,7993.340567196362,8811.7,-818.3594328036388,-9.28719126619879,9.28719126619879,818.3594328036388,9.28719126619879
DEBW_52210004zAp,MFH,residential,155.0,484.5,0.22812903225806452,0.214342001576044,4282.458111332311,4712.2,-429.7418886676887,-9.119771840492525,9.119771840492525,429.7418886676887,9.119771840492525
DEBW_52210005gBZ,MFH,residential,233.5,729.6,0.27601713062098504,0.2148118521481185,6960.348658065102,7655.8,-695.4513419348978,-9.083980014301547,9.083980014301547,695.4513419348978,9.083980014301547
DEBW_522100064GG,MFH,residential,350.2,1094.3,0.2660765276984581,0.206022817723534,9594.911629572747,10550.899999999998,-955.9883704272506,-9.060728188374933,9.060728188374933,955.9883704272506,9.060728188374933
DEBW_52210005fRL,EFH,residential,215.2,672.4,0.22211895910780668,0.1861008370644345,6728.132699860436,7383.200000000001,-655.0673001395644,-8.872403566740225,8.872403566740225,655.0673001395644,8.872403566740225
DEBW_52210005MSz,MFH,residential,267.2,835.1,0.22436377245508984,0.2207940483205657,7734.473168410769,7107.400000000001,627.0731684107686,8.822820840402517,8.822820840402517,627.0731684107686,8.822820840402517
DEBW_52210005elC,MFH,residential,355.5,1111.0,0.20258790436005628,0.2131904564561008,9329.387878026642,10220.6,-891.2121219733581,-8.719763242601786,8.719763242601786,891.2121219733581,8.719763242601786
DEBW_5221000647b,MFH,residential,334.4,1044.9,0.22715311004784688,0.2085380919698009,8950.917741872065,9796.4,-845.482258127935,-8.63054038348715,8.63054038348715,845.482258127935,8.63054038348715
DEBW_52210004zDV,EFH,residential,191.0,596.9,0.24335078534031412,0.175947306658591,5372.71223765441,5877.299999999999,-504.587762345589,-8.58536678994758,8.58536678994758,504.587762345589,8.58536678994758
DEBW_52210003rgE,EFH,residential,117.3,366.4,0.2651321398124467,0.1837735626071028,3833.2501594384903,4192.2,-358.9498405615095,-8.562326238288,8.562326238288,358.9498405615095,8.562326238288
DEBW_52210004d3g,MFH,residential,340.8,1065.0,0.18488849765258214,0.2183752685936091,8663.453725791474,9469.5,-806.0462742085256,-8.51202570577671,8.51202570577671,806.0462742085256,8.51202570577671
DEBW_52210006NNm,RH,residential,273.0,853.3,0.21175824175824176,0.3214345287739782,7018.73883590092,7653.200000000001,-634.4611640990806,-8.290142216315797,8.290142216315797,634.4611640990806,8.290142216315797
DEBW_52210004HpC,MFH,residential,288.0,900.1,0.2678125,0.2076401227588434,7968.748051730755,8677.2,-708.4519482692458,-8.164522521887772,8.164522521887772,708.4519482692458,8.164522521887772
DEBW_52210003uZg,MFH,residential,311.6,973.9,0.26007702182284975,0.2110691496288579,8747.520802712,9506.3,-758.7791972879986,-7.981856214173745,7.981856214173745,758.7791972879986,7.981856214173745
DEBW_52210004dQC,MFH,residential,863.1,2697.3,0.17296952844398097,0.2222304921253982,21032.930770306342,22836.0,-1803.0692296936577,-7.895731431483876,7.895731431483876,1803.0692296936577,7.895731431483876
DEBW_52210005dnU,EFH,residential,157.6,492.4,0.26357868020304576,0.1724868164265249,4760.34055279476,5162.599999999999,-402.25944720523967,-7.791799620447831,7.791799620447831,402.25944720523967,7.791799620447831
DEBW_52210005JfZ,MFH,residential,400.9,1253.0,0.22466949363931155,0.2123641336382712,11182.289636207695,12113.7,-931.4103637923054,-7.68890069749379,7.68890069749379,931.4103637923054,7.68890069749379
DEBW_52210005KyO,MFH,residential,406.1,1269.1,0.2399409012558483,0.2109045258760633,11721.1558202148,12689.2,-968.0441797852,-7.628882670185669,7.628882670185669,968.0441797852,7.628882670185669
DEBW_52210004dvl,MFH,residential,448.1,1400.3,0.23818344119616155,0.2105128205128205,12286.322026793778,13283.6,-997.2779732062227,-7.507588102669628,7.507588102669628,997.2779732062227,7.507588102669628
DEBW_522100054Ih,MFH,residential,697.1,2178.5,0.15739492181896428,0.2253625272152158,17374.527941403918,18775.9,-1401.3720585960837,-7.463674490150051,7.463674490150051,1401.3720585960837,7.463674490150051
DEBW_52210005K5d,EFH,residential,183.4,573.2,0.24067611777535441,0.1716908475631102,5228.901282205093,5634.1,-405.1987177949077,-7.191897868247062,7.191897868247062,405.1987177949077,7.191897868247062
DEBW_52210004e9F,MFH,residential,496.2,1550.5,0.22938331318016927,0.2029998751538282,13603.62122740478,14653.8,-1050.17877259522,-7.166596873133385,7.166596873133385,1050.17877259522,7.166596873133385
DEBW_522100050y5,MFH,residential,244.4,763.7,0.28363338788870707,0.205520471997391,7114.141049245487,7662.0,-547.858950754513,-7.150338694264069,7.150338694264069,547.858950754513,7.150338694264069
DEBW_52210006Isp,MFH,residential,212.9,665.2,0.32954438703616723,0.2103243599736194,7186.037987296988,7733.5,-547.4620127030121,-7.0790975975045205,7.0790975975045205,547.4620127030121,7.0790975975045205
DEBW_52210005k3y,MFH,residential,326.4,1019.9,0.21884191176470588,0.2131793356612051,8586.243859856808,9238.4,-652.1561401431918,-7.059189255100362,7.059189255100362,652.1561401431918,7.059189255100362
DEBW_52210005ela,MFH,residential,301.5,942.2,0.2630514096185738,0.2116118359614718,8513.109777009548,9139.6,-626.4902229904528,-6.8546787932781825,6.8546787932781825,626.4902229904528,6.8546787932781825
DEBW_52210005hJf,MFH,residential,181.4,566.8,0.37232635060639463,0.2042210933720367,6401.796951081498,6871.4,-469.6030489185014,-6.834168421551669,6.834168421551669,469.6030489185014,6.834168421551669
DEBW_52210004Ihn,MFH,residential,527.7,1649.0,0.23104036384309265,0.2106354307038457,14951.450048587163,16047.5,-1096.049951412837,-6.830035528355426,6.830035528355426,1096.049951412837,6.830035528355426
DEBW_52210005LZh,MFH,residential,313.7,980.2,0.24035702900860692,0.2121493486395993,9332.924145357503,10009.1,-676.1758546424971,-6.755610940469144,6.755610940469144,676.1758546424971,6.755610940469144
DEBW_52210005ynV,RH,residential,84.6,189.3,0.3099290780141844,0.3122915674130538,1927.0480405692865,2066.2000000000003,-139.15195943071376,-6.734680061500036,6.734680061500036,139.15195943071376,6.734680061500036
DEBW_52210005yrw,MFH,residential,605.2,1891.1,0.20398215465961664,0.2165409577267146,15834.010908965252,16965.5,-1131.4890910347476,-6.669353046092055,6.669353046092055,1131.4890910347476,6.669353046092055
DEBW_52210005PFV,MFH,residential,220.9,690.4,0.2358080579447714,0.2116533257486489,6829.316514943215,6415.299999999999,414.01651494321595,6.453579956404471,6.453579956404471,414.01651494321595,6.453579956404471
DEBW_52210003t47,EFH,residential,67.9,249.9,0.3645066273932253,0.1921136381277653,3224.4224736728584,3030.0,194.42247367285836,6.416583289533279,6.416583289533279,194.42247367285836,6.416583289533279
DEBW_52210004yr8,MFH,residential,202.2,631.9,0.3080118694362018,0.2083849165188878,6378.481819648308,6811.700000000001,-433.21818035169235,-6.359912802262171,6.359912802262171,433.21818035169235,6.359912802262171
DEBW_52210005zVK,RH,residential,299.3,753.5,0.26708987637821585,0.2918689985030487,6126.180647282279,6539.2,-413.0193527177207,-6.316053228494629,6.316053228494629,413.0193527177207,6.316053228494629
DEBW_52210004Faf,MFH,residential,203.9,637.3,0.3392349190779793,0.2030529869367385,6759.369082768499,7208.6,-449.23091723150173,-6.231874666807726,6.231874666807726,449.23091723150173,6.231874666807726
DEBW_52210004L7q,EFH,residential,220.3,688.4,0.2314117113027689,0.1757506808701348,6980.60282689642,7442.9,-462.29717310357955,-6.211250629507041,6.211250629507041,462.29717310357955,6.211250629507041
DEBW_522100050H1,EFH,residential,53.9,116.1,0.3385899814471243,0.1712328767123287,1669.9385144162657,1776.4,-106.46148558373443,-5.993103219079848,5.993103219079848,106.46148558373443,5.993103219079848
DEBW_52210004ylt,MFH,residential,586.1,1831.4,0.16544958198259682,0.2134868565893179,14303.933367531212,15194.8,-890.8666324687874,-5.862970440340034,5.862970440340034,890.8666324687874,5.862970440340034
DEBW_52210005L39,MFH,residential,457.2,1428.9,0.23431758530183727,0.2092791560851729,12634.761896488442,13398.4,-763.6381035115573,-5.699472351262519,5.699472351262519,763.6381035115573,5.699472351262519
DEBW_52210006KZK,MFH,residential,207.8,649.4,0.30664100096246394,0.219898540221555,6699.407796831762,7103.9,-404.4922031682372,-5.6939456237874575,5.6939456237874575,404.4922031682372,5.6939456237874575
DEBW_52210003udj,EFH,residential,126.9,396.6,0.3040189125295508,0.174649162516976,4402.892122744743,4664.599999999999,-261.7078772552568,-5.6105105958765344,5.6105105958765344,261.7078772552568,5.6105105958765344
DEBW_522100060Xq,EFH,residential,167.8,524.4,0.26525625744934445,0.1732513331516874,5732.667346361505,6070.299999999999,-337.63265363849405,-5.562042298378896,5.562042298378896,337.63265363849405,5.562042298378896
DEBW_52210005MV3,MFH,residential,701.9,2193.4,0.22595811369140903,0.2025646265454173,17901.848450773166,18945.8,-1043.9515492268329,-5.51020040973109,5.51020040973109,1043.9515492268329,5.51020040973109
DEBW_52210004Gqv,EFH,residential,157.9,493.3,0.28727042431918937,0.1722749715153816,5525.497113228776,5246.799999999999,278.6971132287763,5.311754083036829,5.311754083036829,278.6971132287763,5.311754083036829
DEBW_52210005yG0,MFH,residential,423.5,1323.5,0.24203069657615112,0.2067616089078952,11641.03509756642,12258.0,-616.9649024335795,-5.033161220701415,5.033161220701415,616.9649024335795,5.033161220701415
DEBW_5221000629z,EFH,residential,77.5,350.7,0.4525161290322581,0.2102391942929081,4727.374899499271,4501.1,226.27489949927076,5.0271022527664515,5.0271022527664515,226.27489949927076,5.0271022527664515
DEBW_5221000619W,MFH,residential,304.2,950.7,0.19125575279421433,0.2307265228426396,7576.678333126147,7969.799999999999,-393.1216668738525,-4.9326415578038665,4.9326415578038665,393.1216668738525,4.9326415578038665
DEBW_52210006HCZ,MFH,residential,550.0,1718.8,0.19803636363636368,0.2153122343685136,14596.809842925792,15343.5,-746.6901570742084,-4.866491720104333,4.866491720104333,746.6901570742084,4.866491720104333
DEBW_52210003u4h,MFH,residential,225.6,704.9,0.20057624113475175,0.2202053627913767,5723.4944472315565,6013.9,-290.40555276844316,-4.828905581543477,4.828905581543477,290.40555276844316,4.828905581543477
DEBW_52210005ylp,MFH,residential,386.7,1208.5,0.18003620377553659,0.2188757545271629,9511.591259691842,9980.5,-468.9087403081576,-4.698248988609364,4.698248988609364,468.9087403081576,4.698248988609364
DEBW_52210004fgD,MFH,residential,205.6,642.3,0.30549610894941637,0.2103412477813871,6484.4692316877245,6799.799999999999,-315.3307683122748,-4.637353573815036,4.637353573815036,315.3307683122748,4.637353573815036
DEBW_52210003xN2,MFH,residential,317.1,990.8,0.28549353516240933,0.2023468931604828,9893.6093048596,10371.999999999998,-478.39069514039875,-4.612328337257991,4.612328337257991,478.39069514039875,4.612328337257991
DEBW_52210005yIg,MFH,residential,309.5,967.1,0.19660743134087239,0.2198417572889194,8405.989972370224,8048.5,357.48997237022377,4.44169686736937,4.44169686736937,357.48997237022377,4.44169686736937
DEBW_52210004IZi,MFH,residential,139.8,436.9,0.35185979971387704,0.2117338154269973,4867.6264997920725,5081.400000000001,-213.773500207928,-4.206980363835321,4.206980363835321,213.773500207928,4.206980363835321
DEBW_52210005Kf7,MFH,residential,232.7,727.1,0.32978083369144817,0.1975798146240988,7320.900196997014,7592.200000000001,-271.29980300298666,-3.573401688614455,3.573401688614455,271.29980300298666,3.573401688614455
DEBW_52210004xx4,RH,residential,245.4,766.9,0.31128769356153213,0.3057434460676405,7511.0280513128,7788.200000000001,-277.1719486872007,-3.558870453855842,3.558870453855842,277.1719486872007,3.558870453855842
DEBW_52210005hG5,MFH,residential,324.7,1014.7,0.19057591623036652,0.2188737973967175,8666.696651561928,8968.699999999999,-302.00334843807104,-3.367303493684381,3.367303493684381,302.00334843807104,3.367303493684381
DEBW_52210004zVF,MFH,residential,578.0,1806.2,0.20991349480968854,0.2066387356086926,15120.071379117388,15638.499999999996,-518.4286208826088,-3.3150789454398373,3.3150789454398373,518.4286208826088,3.3150789454398373
DEBW_52210003qpi,MFH,residential,568.6,1776.7,0.17984523390784382,0.201295250093502,13389.068275261032,13846.8,-457.7317247389674,-3.3056859688806615,3.3056859688806615,457.7317247389674,3.3056859688806615
DEBW_52210006InL,MFH,residential,246.9,771.5,0.3150263264479546,0.2007174008412685,8311.36214716706,8577.7,-266.3378528329413,-3.1050031224330676,3.1050031224330676,266.3378528329413,3.1050031224330676
DEBW_52210006IeR,MFH,residential,136.9,428.0,0.36201607012417825,0.2013570064600008,4924.8113464808175,5081.400000000001,-156.58865351918303,-3.0816045483367382,3.0816045483367382,156.58865351918303,3.0816045483367382
DEBW_52210004KwN,MFH,residential,215.7,674.0,0.2740380157626333,0.216821949966987,6810.014335574367,7015.299999999999,-205.2856644256326,-2.9262563885455024,2.9262563885455024,205.2856644256326,2.9262563885455024
DEBW_52210003uBM,MFH,residential,581.4,1816.9,0.20409356725146208,0.2092178573947387,15537.736073097289,15157.8,379.9360730972894,2.506538370326099,2.506538370326099,379.9360730972894,2.506538370326099
DEBW_52210005xix,MFH,residential,202.1,631.4,0.30761999010390906,0.2072057059058792,6678.426630734671,6841.0,-162.57336926532935,-2.37645620911167,2.37645620911167,162.57336926532935,2.37645620911167
DEBW_52210005y1r,MFH,residential,356.9,1115.3,0.2596245446903895,0.2069597069597069,10738.382909939455,10995.2,-256.8170900605455,-2.3357200420232966,2.3357200420232966,256.8170900605455,2.3357200420232966
DEBW_52210004cUQ,EFH,residential,249.0,778.0,0.23803212851405617,0.1658505190698715,7704.486479585114,7535.9,168.58647958511392,2.2371114211323655,2.2371114211323655,168.58647958511392,2.2371114211323655
DEBW_52210005JMk,EFH,residential,255.3,797.9,0.21758715236976103,0.1630993276373352,8127.47315590937,8311.3,-183.8268440906295,-2.2117700490973675,2.2117700490973675,183.8268440906295,2.2117700490973675
DEBW_52210006I2R,MFH,residential,581.3,1816.4,0.21087218303801825,0.2119074784773363,15793.170611589898,16137.100000000002,-343.92938841010437,-2.131296133816512,2.131296133816512,343.92938841010437,2.131296133816512
DEBW_52210004EqD,MFH,residential,299.0,934.3,0.25809364548494984,0.2065301752977385,8896.325151789677,9062.6,-166.2748482103234,-1.8347367003985986,1.8347367003985986,166.2748482103234,1.8347367003985986
DEBW_52210006Id7,MFH,residential,239.4,748.1,0.31996658312447784,0.2041958787620291,8215.732020268075,8291.599999999999,-75.8679797319237,-0.914998067103137,0.914998067103137,75.8679797319237,0.914998067103137
DEBW_52210005Q4u,RH,residential,256.6,802.0,0.2955572876071707,0.3097533082829603,7716.036045396574,7775.699999999999,-59.66395460342483,-0.7673129699374311,0.7673129699374311,59.66395460342483,0.7673129699374311
DEBW_52210005ely,EFH,residential,99.3,355.9,0.3361530715005035,0.1836588720770288,4116.68385521746,4094.500000000001,22.183855217459495,0.5417964395520696,0.5417964395520696,22.183855217459495,0.5417964395520696
DEBW_52210005gxN,RH,residential,194.3,607.3,0.25959855892949046,0.3054008234439331,5056.541848356581,5053.0,3.5418483565808856,0.07009397103860847,0.07009397103860847,3.5418483565808856,0.07009397103860847
