rc_building_id,simstadt_building_id,match_type
DEBW_52210003qpi,DEBW_52210003qpi,exact
DEBW_52210003qta,DEBW_52210003qta,exact
DEBW_52210003qwF,DEBW_52210003qwF,exact
DEBW_52210003rFb,DEBW_52210003rFb,exact
DEBW_52210003rIo,DEBW_52210003rIo,exact
DEBW_52210003rgE,DEBW_52210003rgE,exact
DEBW_52210003sTZ,DEBW_52210003sTZ,exact
DEBW_52210003sUv,DEBW_52210003sUv,exact
DEBW_52210003snr,DEBW_52210003snr,exact
DEBW_52210003t47,DEBW_52210003t47,exact
DEBW_52210003t7f,DEBW_52210003t7f,exact
DEBW_52210003tNq,DEBW_52210003tNq,exact
DEBW_52210003tQY,DEBW_52210003tQY,exact
DEBW_52210003u4h,DEBW_52210003u4h,exact
DEBW_52210003uBM,DEBW_52210003uBM,exact
DEBW_52210003uZg,DEBW_52210003uZg,exact
DEBW_52210003udj,DEBW_52210003udj,exact
DEBW_52210003uss,DEBW_52210003uss,exact
DEBW_52210003uzO,DEBW_52210003uzO,exact
DEBW_52210003v4C,DEBW_52210003v4C,exact
DEBW_52210003vBM,DEBW_52210003vBM,exact
DEBW_52210003xIr,DEBW_52210003xIr,exact
DEBW_52210003xN2,DEBW_52210003xN2,exact
DEBW_52210003xXe,DEBW_52210003xXe,exact
DEBW_52210004EqD,DEBW_52210004EqD,exact
DEBW_52210004FOx,DEBW_52210004FOx,exact
DEBW_52210004FT7,DEBW_52210004FT7,exact
DEBW_52210004Faf,DEBW_52210004Faf,exact
DEBW_52210004Fca,DEBW_52210004Fca,exact
DEBW_52210004FnA,DEBW_52210004FnA,exact
DEBW_52210004G6k,DEBW_52210004G6k,exact
DEBW_52210004GDQ,DEBW_52210004GDQ,exact
DEBW_52210004GPg,DEBW_52210004GPg,exact
DEBW_52210004Gqv,DEBW_52210004Gqv,exact
DEBW_52210004H20,DEBW_52210004H20,exact
DEBW_52210004HIN,DEBW_52210004HIN,exact
DEBW_52210004HiD,DEBW_52210004HiD,exact
DEBW_52210004Hls,DEBW_52210004Hls,exact
DEBW_52210004HpC,DEBW_52210004HpC,exact
DEBW_52210004HrR,DEBW_52210004HrR,exact
DEBW_52210004HxR,DEBW_52210004HxR,exact
DEBW_52210004Hxc,DEBW_52210004Hxc,exact
DEBW_52210004I04,DEBW_52210004I04,exact
DEBW_52210004IZi,DEBW_52210004IZi,exact
DEBW_52210004Ihn,DEBW_52210004Ihn,exact
DEBW_52210004IuQ,DEBW_52210004IuQ,exact
DEBW_52210004KwN,DEBW_52210004KwN,exact
DEBW_52210004L5J,DEBW_52210004L5J,exact
DEBW_52210004L7q,DEBW_52210004L7q,exact
DEBW_52210004Lja,DEBW_52210004Lja,exact
DEBW_52210004bgQ,DEBW_52210004bgQ,exact
DEBW_52210004cUQ,DEBW_52210004cUQ,exact
DEBW_52210004caM,DEBW_52210004caM,exact
DEBW_52210004d3g,DEBW_52210004d3g,exact
DEBW_52210004dF4,DEBW_52210004dF4,exact
DEBW_52210004dGw,DEBW_52210004dGw,exact
DEBW_52210004dNl,DEBW_52210004dNl,exact
DEBW_52210004dQ2,DEBW_52210004dQ2,exact
DEBW_52210004dQC,DEBW_52210004dQC,exact
DEBW_52210004dvl,DEBW_52210004dvl,exact
DEBW_52210004e9F,DEBW_52210004e9F,exact
DEBW_52210004eFK,DEBW_52210004eFK,exact
DEBW_52210004edl,DEBW_52210004edl,exact
DEBW_52210004evV,DEBW_52210004evV,exact
DEBW_52210004ewN__01,DEBW_52210004ewN__01,exact
DEBW_52210004f3W,DEBW_52210004f3W,exact
DEBW_52210004fK1,DEBW_52210004fK1,exact
DEBW_52210004fgD,DEBW_52210004fgD,exact
DEBW_52210004xfl,DEBW_52210004xfl,exact
DEBW_52210004xqq,DEBW_52210004xqq,exact
DEBW_52210004xrI,DEBW_52210004xrI,exact
DEBW_52210004xsG,DEBW_52210004xsG,exact
DEBW_52210004xx4,DEBW_52210004xx4,exact
DEBW_52210004y9B,DEBW_52210004y9B,exact
DEBW_52210004yBG,DEBW_52210004yBG,exact
DEBW_52210004ylt,DEBW_52210004ylt,exact
DEBW_52210004yr8,DEBW_52210004yr8,exact
DEBW_52210004zAp,DEBW_52210004zAp,exact
DEBW_52210004zCV,DEBW_52210004zCV,exact
DEBW_52210004zDV,DEBW_52210004zDV,exact
DEBW_52210004zE4,DEBW_52210004zE4,exact
DEBW_52210004zH7,DEBW_52210004zH7,exact
DEBW_52210004zVF,DEBW_52210004zVF,exact
DEBW_52210004zyP,DEBW_52210004zyP,exact
DEBW_522100050H1,DEBW_522100050H1,exact
DEBW_522100050Oj,DEBW_522100050Oj,exact
DEBW_522100050uW,DEBW_522100050uW,exact
DEBW_522100050wu,DEBW_522100050wu,exact
DEBW_522100050y5,DEBW_522100050y5,exact
DEBW_5221000518C,DEBW_5221000518C,exact
DEBW_522100051DN,DEBW_522100051DN,exact
DEBW_522100051Hd,DEBW_522100051Hd,exact
DEBW_522100053Xz,DEBW_522100053Xz,exact
DEBW_522100054BV,DEBW_522100054BV,exact
DEBW_522100054Ih,DEBW_522100054Ih,exact
DEBW_52210005J24,DEBW_52210005J24,exact
DEBW_52210005JLO,DEBW_52210005JLO,exact
DEBW_52210005JMk,DEBW_52210005JMk,exact
DEBW_52210005JOp,DEBW_52210005JOp,exact
DEBW_52210005JfZ,DEBW_52210005JfZ,exact
DEBW_52210005Jkv,DEBW_52210005Jkv,exact
DEBW_52210005JtI,DEBW_52210005JtI,exact
DEBW_52210005K5d,DEBW_52210005K5d,exact
DEBW_52210005K93,DEBW_52210005K93,exact
DEBW_52210005KEF,DEBW_52210005KEF,exact
DEBW_52210005KUx,DEBW_52210005KUx,exact
DEBW_52210005KXK,DEBW_52210005KXK,exact
DEBW_52210005Kf7,DEBW_52210005Kf7,exact
DEBW_52210005KyO,DEBW_52210005KyO,exact
DEBW_52210005L39,DEBW_52210005L39,exact
DEBW_52210005L4M,DEBW_52210005L4M,exact
DEBW_52210005LJS,DEBW_52210005LJS,exact
DEBW_52210005LZh,DEBW_52210005LZh,exact
DEBW_52210005M2x,DEBW_52210005M2x,exact
DEBW_52210005MRo,DEBW_52210005MRo,exact
DEBW_52210005MSz,DEBW_52210005MSz,exact
DEBW_52210005MV3,DEBW_52210005MV3,exact
DEBW_52210005Mki,DEBW_52210005Mki,exact
DEBW_52210005N87,DEBW_52210005N87,exact
DEBW_52210005PFV,DEBW_52210005PFV,exact
DEBW_52210005PRs,DEBW_52210005PRs,exact
DEBW_52210005Q4u,DEBW_52210005Q4u,exact
DEBW_52210005dgg,DEBW_52210005dgg,exact
DEBW_52210005diH,DEBW_52210005diH,exact
DEBW_52210005djN,DEBW_52210005djN,exact
DEBW_52210005dnU,DEBW_52210005dnU,exact
DEBW_52210005doZ,DEBW_52210005doZ,exact
DEBW_52210005eg5,DEBW_52210005eg5,exact
DEBW_52210005ej5,DEBW_52210005ej5,exact
DEBW_52210005elC,DEBW_52210005elC,exact
DEBW_52210005ela,DEBW_52210005ela,exact
DEBW_52210005ely,DEBW_52210005ely,exact
DEBW_52210005em7,DEBW_52210005em7,exact
DEBW_52210005enf,DEBW_52210005enf,exact
DEBW_52210005evc,DEBW_52210005evc,exact
DEBW_52210005fBS,DEBW_52210005fBS,exact
DEBW_52210005fRL,DEBW_52210005fRL,exact
DEBW_52210005fRo,DEBW_52210005fRo,exact
DEBW_52210005fiS,DEBW_52210005fiS,exact
DEBW_52210005g5H,DEBW_52210005g5H,exact
DEBW_52210005gBZ,DEBW_52210005gBZ,exact
DEBW_52210005gOD,DEBW_52210005gOD,exact
DEBW_52210005gvh,DEBW_52210005gvh,exact
DEBW_52210005gwl,DEBW_52210005gwl,exact
DEBW_52210005gxN,DEBW_52210005gxN,exact
DEBW_52210005hG5,DEBW_52210005hG5,exact
DEBW_52210005hJf,DEBW_52210005hJf,exact
DEBW_52210005jPg,DEBW_52210005jPg,exact
DEBW_52210005k39,DEBW_52210005k39,exact
DEBW_52210005k3y,DEBW_52210005k3y,exact
DEBW_52210005xLD,DEBW_52210005xLD,exact
DEBW_52210005xM5,DEBW_52210005xM5,exact
DEBW_52210005xO2,DEBW_52210005xO2,exact
DEBW_52210005xRe,DEBW_52210005xRe,exact
DEBW_52210005xix,DEBW_52210005xix,exact
DEBW_52210005xzK,DEBW_52210005xzK,exact
DEBW_52210005y1r,DEBW_52210005y1r,exact
DEBW_52210005y86,DEBW_52210005y86,exact
DEBW_52210005yG0,DEBW_52210005yG0,exact
DEBW_52210005yIg,DEBW_52210005yIg,exact
DEBW_52210005yi4,DEBW_52210005yi4,exact
DEBW_52210005yjZ,DEBW_52210005yjZ,exact
DEBW_52210005ylp,DEBW_52210005ylp,exact
DEBW_52210005ynV,DEBW_52210005ynV,exact
DEBW_52210005yqw,DEBW_52210005yqw,exact
DEBW_52210005yrw,DEBW_52210005yrw,exact
DEBW_52210005zVK,DEBW_52210005zVK,exact
DEBW_52210005zd7,DEBW_52210005zd7,exact
DEBW_52210005zmV,DEBW_52210005zmV,exact
DEBW_522100060Iy,DEBW_522100060Iy,exact
DEBW_522100060Oq,DEBW_522100060Oq,exact
DEBW_522100060XU,DEBW_522100060XU,exact
DEBW_522100060Xf,DEBW_522100060Xf,exact
DEBW_522100060Xq,DEBW_522100060Xq,exact
DEBW_522100060vu,DEBW_522100060vu,exact
DEBW_5221000619W,DEBW_5221000619W,exact
DEBW_5221000629z,DEBW_5221000629z,exact
DEBW_522100063eT,DEBW_522100063eT,exact
DEBW_5221000647b,DEBW_5221000647b,exact
DEBW_522100064GG,DEBW_522100064GG,exact
DEBW_52210006GkA,DEBW_52210006GkA,exact
DEBW_52210006HCZ,DEBW_52210006HCZ,exact
DEBW_52210006HXy,DEBW_52210006HXy,exact
DEBW_52210006Hkl,DEBW_52210006Hkl,exact
DEBW_52210006Hwg,DEBW_52210006Hwg,exact
DEBW_52210006I2P,DEBW_52210006I2P,exact
DEBW_52210006I2R,DEBW_52210006I2R,exact
DEBW_52210006Id7,DEBW_52210006Id7,exact
DEBW_52210006IeR,DEBW_52210006IeR,exact
DEBW_52210006InL,DEBW_52210006InL,exact
DEBW_52210006Iok,DEBW_52210006Iok,exact
DEBW_52210006Isp,DEBW_52210006Isp,exact
DEBW_52210006IxM,DEBW_52210006IxM,exact
DEBW_52210006J1X,DEBW_52210006J1X,exact
DEBW_52210006J9b,DEBW_52210006J9b,exact
DEBW_52210006JsB,DEBW_52210006JsB,exact
DEBW_52210006KHx,DEBW_52210006KHx,exact
DEBW_52210006KZK,DEBW_52210006KZK,exact
DEBW_52210006KbP,DEBW_52210006KbP,exact
DEBW_52210006KcE,DEBW_52210006KcE,exact
DEBW_52210006Krt,DEBW_52210006Krt,exact
DEBW_52210006NMW,DEBW_52210006NMW,exact
DEBW_52210006NNm,DEBW_52210006NNm,exact
DEBW_5221Us0004K,DEBW_5221Us0004K,exact
DEBW_522Ue00002q,DEBW_522Ue00002q,exact
