Building ID,Building ID [filename],Thermal class,Thermal class index,Thermal capacitance [J/m2K],Annual Solar Gains [kWh],Annual Heating Demand Sim [kWh],Annual Cooling Demand Sim [kWh],Heated area [m2],Internal gains [W/m2],Usage type,Window area [m2],Heated area [m2]_snapshot,Heated volume [m3],U walls [W/m2K],U windows [W/m2K],Window-to-Wall ratio [-],GMLId,compactness,BuildingType,usage_type,building_type,annual_heat_kwh,heated_area_m2,heated_volume_m3,window_area_m2,u_walls_w_m2k,u_windows_w_m2k,window_to_wall,window_to_heated,is_outlier
DEBW_52210003qpi,DEBW_52210003qpi,medium,3,165000,28278.967569969496,38782.78400710216,4553.61452220373,568.6,4.2,residential,102.26,568.6,1776.7,0.7394080640549042,2.57,0.2012952500935021,DEBW_52210003qpi,2.5510204081632653,MFH,residential,MFH,38782.78400710216,568.6,1776.7,102.26,0.7394080640549042,2.57,0.2012952500935021,0.17984523390784382,False
DEBW_52210003qta,DEBW_52210003qta,medium,3,165000,16620.326178845804,20166.08031997154,2746.386466339503,219.5,4.2,residential,58.21,219.5,686.1,0.7029694503608098,2.5700000000000007,0.2133172090296101,DEBW_52210003qta,1.6920473773265652,MFH,residential,MFH,20166.08031997154,219.5,686.1,58.21,0.7029694503608098,2.5700000000000007,0.2133172090296101,0.26519362186788153,False
DEBW_52210003qwF,DEBW_52210003qwF,medium,3,165000,17610.00280743508,21976.664862474143,2963.000859984972,260.9,4.2,residential,61.400000000000006,260.9,815.3,0.6974920008372956,2.5699999999999994,0.215415921131109,DEBW_52210003qwF,1.858736059479554,MFH,residential,MFH,21976.664862474143,260.9,815.3,61.400000000000006,0.6974920008372956,2.5699999999999994,0.215415921131109,0.23533921042545042,False
DEBW_52210003rFb,DEBW_52210003rFb,medium,3,165000,22296.56402843817,30601.17480763897,3982.9583925196,530.3,4.2,residential,77.08,530.3,1657.2,0.6839147485877025,2.57,0.2208532706799232,DEBW_52210003rFb,2.73972602739726,MFH,residential,MFH,30601.17480763897,530.3,1657.2,77.08,0.6839147485877025,2.57,0.2208532706799232,0.14535168772392987,False
DEBW_52210003rIo,DEBW_52210003rIo,medium,3,165000,17010.2834418844,15462.262048464649,3405.465978007033,166.8,4.2,residential,58.42,166.8,521.1,0.6588679914833216,2.57,0.3117229603543033,DEBW_52210003rIo,1.6,RH,residential,RH,15462.262048464649,166.8,521.1,58.42,0.6588679914833216,2.57,0.3117229603543033,0.3502398081534772,False
DEBW_52210003rgE,DEBW_52210003rgE,medium,3,165000,9380.49139663617,12487.13748167045,1465.710382377647,117.3,4.2,residential,31.1,117.3,366.4,0.6860570951895449,2.57,0.1837735626071028,DEBW_52210003rgE,1.3888888888888888,EFH,residential,EFH,12487.13748167045,117.3,366.4,31.1,0.6860570951895449,2.57,0.1837735626071028,0.2651321398124467,False
DEBW_52210003sTZ,DEBW_52210003sTZ,medium,3,165000,14357.184003119408,20618.410408467294,2085.543687320909,221.4,4.2,residential,49.49,221.4,692.0,0.713620509451429,2.5699999999999994,0.1724810929494998,DEBW_52210003sTZ,1.567398119122257,EFH,residential,EFH,20618.410408467294,221.4,692.0,49.49,0.713620509451429,2.5699999999999994,0.1724810929494998,0.22353206865401987,False
DEBW_52210003sUv,DEBW_52210003sUv,medium,3,165000,10615.068582071088,10125.964902224863,2455.342407673429,153.1,4.2,residential,32.23,153.1,478.3,0.542589886999201,2.57,0.3952176578786021,DEBW_52210003sUv,1.8975332068311195,RH,residential,RH,10125.964902224863,153.1,478.3,32.23,0.542589886999201,2.57,0.3952176578786021,0.21051600261267145,False
DEBW_52210003snr,DEBW_52210003snr,medium,3,165000,20781.872466670546,25217.52848501049,3367.6983899081406,266.4,4.2,residential,73.49000000000001,266.4,832.5,0.7115370101226445,2.5699999999999994,0.2102537693474093,DEBW_52210003snr,1.6528925619834711,MFH,residential,MFH,25217.52848501049,266.4,832.5,73.49000000000001,0.7115370101226445,2.5699999999999994,0.2102537693474093,0.2758633633633634,False
DEBW_52210003t47,DEBW_52210003t47,medium,3,165000,7521.491483816904,9894.781450454151,1178.0970987694338,67.9,4.2,residential,24.75,67.9,249.9,0.668907379777344,2.5699999999999994,0.1921136381277652,DEBW_52210003t47,1.2004801920768309,EFH,residential,EFH,9894.781450454151,67.9,249.9,24.75,0.668907379777344,2.5699999999999994,0.1921136381277652,0.3645066273932253,False
DEBW_52210003t7f,DEBW_52210003t7f,medium,3,165000,18642.417007585973,22790.932415404142,3299.850489757766,308.8,4.2,residential,61.07,308.8,965.1,0.6884173686083758,2.57,0.218975223206282,DEBW_52210003t7f,2.150537634408602,MFH,residential,MFH,22790.932415404142,308.8,965.1,61.07,0.6884173686083758,2.57,0.218975223206282,0.19776554404145077,False
DEBW_52210003tNq,DEBW_52210003tNq,medium,3,165000,21105.965549416727,25131.57652228175,3472.2888270596877,244.1,4.2,residential,75.64999999999999,244.1,762.8,0.7370221400318486,2.5699999999999994,0.2020080643007823,DEBW_52210003tNq,1.5360983102918586,MFH,residential,MFH,25131.57652228175,244.1,762.8,75.64999999999999,0.7370221400318486,2.5699999999999994,0.2020080643007823,0.3099139696845555,False
DEBW_52210003tQY,DEBW_52210003tQY,medium,3,165000,23430.206655419595,28983.97847056041,4316.594473995805,449.8,4.2,residential,79.18,449.8,1405.5,0.6715952890792292,2.57,0.2262544290776089,DEBW_52210003tQY,2.1834061135371177,MFH,residential,MFH,28983.97847056041,449.8,1405.5,79.18,0.6715952890792292,2.57,0.2262544290776089,0.1760337927967986,False
DEBW_52210003u4h,DEBW_52210003u4h,medium,3,165000,12401.61571007501,16979.66654841223,2147.0579903400003,225.6,4.2,residential,45.25,225.6,704.9,0.6854541469052646,2.5699999999999994,0.2202053627913767,DEBW_52210003u4h,2.0964360587002098,MFH,residential,MFH,16979.66654841223,225.6,704.9,45.25,0.6854541469052646,2.5699999999999994,0.2202053627913767,0.20057624113475178,False
DEBW_52210003uBM,DEBW_52210003uBM,medium,3,165000,33908.73270697577,44608.5640102877,5618.910730753508,581.4,4.2,residential,118.66,581.4,1816.9,0.7146083066281689,2.5700000000000003,0.2092178573947387,DEBW_52210003uBM,2.1459227467811157,MFH,residential,MFH,44608.5640102877,581.4,1816.9,118.66,0.7146083066281689,2.5700000000000003,0.2092178573947387,0.204093567251462,False
DEBW_52210003uZg,DEBW_52210003uZg,medium,3,165000,22859.11594284235,28206.743637277577,3723.849462684408,311.6,4.2,residential,81.04,311.6,973.9,0.7093663969011552,2.57,0.2110691496288579,DEBW_52210003uZg,1.7361111111111112,MFH,residential,MFH,28206.743637277577,311.6,973.9,81.04,0.7093663969011552,2.57,0.2110691496288579,0.2600770218228498,False
DEBW_52210003udj,DEBW_52210003udj,medium,3,165000,11231.11617051124,15198.086471206472,1665.3206801475287,126.9,4.2,residential,38.58,126.9,396.6,0.7078527069760353,2.57,0.1746491625169759,DEBW_52210003udj,1.2642225031605563,EFH,residential,EFH,15198.086471206472,126.9,396.6,38.58,0.7078527069760353,2.57,0.1746491625169759,0.3040189125295508,False
DEBW_52210003uss,DEBW_52210003uss,medium,3,165000,15732.049046890646,27926.157359914127,2239.641838867971,426.3,4.2,residential,64.58999999999999,426.3,1332.1,0.7156873752495009,2.5700000000000003,0.1799966558912049,DEBW_52210003uss,2.3696682464454977,MFH,residential,MFH,27926.157359914127,426.3,1332.1,64.58999999999999,0.7156873752495009,2.5700000000000003,0.1799966558912049,0.1515130190007037,False
DEBW_52210003uzO,DEBW_52210003uzO,medium,3,165000,26156.026531336563,32532.472623654925,4387.996179029571,414.7,4.2,residential,93.45,414.7,1295.9,0.709576,2.5700000000000003,0.2109861826063397,DEBW_52210003uzO,1.9342359767891681,MFH,residential,MFH,32532.472623654925,414.7,1295.9,93.45,0.709576,2.5700000000000003,0.2109861826063397,0.22534362189534604,False
DEBW_52210003v4C,DEBW_52210003v4C,medium,3,165000,15402.996879878983,19098.922229812124,2571.64180112262,238.3,4.2,residential,65.47,238.3,744.7,0.7026825194846508,2.5700000000000003,0.2699905150727865,DEBW_52210003v4C,1.9120458891013383,RH,residential,RH,19098.922229812124,238.3,744.7,65.47,0.7026825194846508,2.5700000000000003,0.2699905150727865,0.27473772555602183,False
DEBW_52210003vBM,DEBW_52210003vBM,medium,3,165000,26589.979445848443,32736.195395496696,4302.200484769232,376.4,4.2,residential,95.45,376.4,1176.1,0.7262505513895013,2.57,0.2053438891637803,DEBW_52210003vBM,1.7699115044247788,MFH,residential,MFH,32736.195395496696,376.4,1176.1,95.45,0.7262505513895013,2.57,0.2053438891637803,0.25358660998937305,False
DEBW_52210003xIr,DEBW_52210003xIr,medium,3,165000,18488.57010831863,16599.345258385474,3845.930742288375,191.6,4.2,residential,62.14,191.6,598.6,0.6833834919229917,2.57,0.3027232425585814,DEBW_52210003xIr,1.7574692442882252,RH,residential,RH,16599.345258385474,191.6,598.6,62.14,0.6833834919229917,2.57,0.3027232425585814,0.324321503131524,False
DEBW_52210003xN2,DEBW_52210003xN2,medium,3,165000,25417.317598591933,31552.097415808938,4023.3217706155247,317.1,4.2,residential,90.53,317.1,990.8,0.7359453898581164,2.5699999999999994,0.2023468931604828,DEBW_52210003xN2,1.6501650165016502,MFH,residential,MFH,31552.097415808938,317.1,990.8,90.53,0.7359453898581164,2.5699999999999994,0.2023468931604828,0.28549353516240933,False
DEBW_52210003xXe,DEBW_52210003xXe,medium,3,165000,37797.33523487425,47019.11737470436,6747.008799849165,697.5,4.2,residential,129.97,697.5,2179.6,0.716206145762269,2.57,0.2086497246793276,DEBW_52210003xXe,2.1459227467811157,MFH,residential,MFH,47019.11737470436,697.5,2179.6,129.97,0.716206145762269,2.57,0.2086497246793276,0.18633691756272402,False
DEBW_52210004EqD,DEBW_52210004EqD,medium,3,165000,21580.5734996826,27409.545527080885,3329.1981494135493,299.0,4.2,residential,77.16999999999999,299.0,934.3,0.722566917478722,2.5700000000000003,0.2065301752977385,DEBW_52210004EqD,1.779359430604982,MFH,residential,MFH,27409.545527080885,299.0,934.3,77.16999999999999,0.722566917478722,2.5700000000000003,0.2065301752977385,0.2580936454849498,False
DEBW_52210004FOx,DEBW_52210004FOx,medium,3,165000,14694.222455525987,20285.14613283786,2225.402187967016,228.5,4.2,residential,50.15,228.5,714.2,0.7170940095162099,2.57,0.1711545681034777,DEBW_52210004FOx,1.5503875968992247,EFH,residential,EFH,20285.14613283786,228.5,714.2,50.15,0.7170940095162099,2.57,0.1711545681034777,0.21947483588621444,False
DEBW_52210004FT7,DEBW_52210004FT7,medium,3,165000,25022.732413354875,30641.94696135713,4440.897047949645,431.0,4.2,residential,86.58,431.0,1346.7,0.7006007669365147,2.5699999999999994,0.2142379927251132,DEBW_52210004FT7,2.070393374741201,MFH,residential,MFH,30641.94696135713,431.0,1346.7,86.58,0.7006007669365147,2.5699999999999994,0.2142379927251132,0.2008816705336427,False
DEBW_52210004Faf,DEBW_52210004Faf,medium,3,165000,19065.19058315053,23115.85004634959,3003.312114082657,203.9,4.2,residential,69.17,203.9,637.3,0.7336179611921937,2.57,0.2030529869367385,DEBW_52210004Faf,1.4224751066856332,MFH,residential,MFH,23115.85004634959,203.9,637.3,69.17,0.7336179611921937,2.57,0.2030529869367385,0.3392349190779794,False
DEBW_52210004Fca,DEBW_52210004Fca,medium,3,165000,8100.002999125649,9624.562941760782,1384.113035162493,74.2,4.2,residential,27.000000000000007,74.2,231.8,0.7066552418257982,2.5699999999999994,0.1751767988062026,DEBW_52210004Fca,1.079913606911447,EFH,residential,EFH,9624.562941760782,74.2,231.8,27.000000000000007,0.7066552418257982,2.5699999999999994,0.1751767988062026,0.36388140161725074,False
DEBW_52210004FnA,DEBW_52210004FnA,medium,3,165000,17070.041302756654,20516.45878934368,2760.033240170328,211.4,4.2,residential,59.93,211.4,660.5,0.6921515639723986,2.57,0.2175080753456974,DEBW_52210004FnA,1.572327044025157,MFH,residential,MFH,20516.45878934368,211.4,660.5,59.93,0.6921515639723986,2.57,0.2175080753456974,0.2834910122989593,False
DEBW_52210004G6k,DEBW_52210004G6k,medium,3,165000,22544.83999783381,27406.22898509536,3850.888782611175,349.6,4.2,residential,79.07,349.6,1092.5,0.703751816604941,2.5699999999999994,0.2131037084950409,DEBW_52210004G6k,1.8621973929236497,MFH,residential,MFH,27406.22898509536,349.6,1092.5,79.07,0.703751816604941,2.5699999999999994,0.2131037084950409,0.2261727688787185,False
DEBW_52210004GDQ,DEBW_52210004GDQ,medium,3,165000,20255.23097468389,26666.4791341683,3438.681204502016,408.0,4.2,residential,72.53,408.0,1275.1,0.6983594343925801,2.5700000000000003,0.2150438804554079,DEBW_52210004GDQ,2.34192037470726,MFH,residential,MFH,26666.4791341683,408.0,1275.1,72.53,0.6983594343925801,2.5700000000000003,0.2150438804554079,0.17776960784313725,False
DEBW_52210004GPg,DEBW_52210004GPg,medium,3,165000,20496.901580592013,24798.302713036035,3724.948612602858,338.7,4.2,residential,67.59,338.7,1058.6,0.7038799012887305,2.5699999999999994,0.213016073116924,DEBW_52210004GPg,2.1834061135371177,MFH,residential,MFH,24798.302713036035,338.7,1058.6,67.59,0.7038799012887305,2.5699999999999994,0.213016073116924,0.19955713020372012,False
DEBW_52210004Gqv,DEBW_52210004Gqv,medium,3,165000,13982.501119147648,18194.85277648784,2216.3848344990483,157.9,4.2,residential,45.36,157.9,493.3,0.7141923390383048,2.57,0.1722749715153816,DEBW_52210004Gqv,1.2804097311139564,EFH,residential,EFH,18194.85277648784,157.9,493.3,45.36,0.7141923390383048,2.57,0.1722749715153816,0.28727042431918937,False
DEBW_52210004H20,DEBW_52210004H20,medium,3,165000,56225.51406026098,73009.48704678529,10543.868720618397,1241.4,4.2,residential,200.96,1241.4,3394.4,0.748788391040698,2.5699999999999994,0.198602587288881,DEBW_52210004H20,2.34192037470726,MFH,residential,MFH,73009.48704678529,1241.4,3394.4,200.96,0.748788391040698,2.5699999999999994,0.198602587288881,0.1618817464153375,True
DEBW_52210004HIN,DEBW_52210004HIN,medium,3,165000,23724.167101133185,23778.672669472853,4595.4381748962805,286.3,4.2,residential,87.36000000000001,286.3,894.6,0.6920614316925845,2.5699999999999994,0.2999279019466475,DEBW_52210004HIN,1.8348623853211008,RH,residential,RH,23778.672669472853,286.3,894.6,87.36000000000001,0.6920614316925845,2.5699999999999994,0.2999279019466475,0.3051344743276284,False
DEBW_52210004HiD,DEBW_52210004HiD,medium,3,165000,25765.6981492591,32255.016807571315,4278.31652173395,400.2,4.2,residential,92.15999999999998,400.2,1250.6,0.7109607022392004,2.57,0.2104878494427188,DEBW_52210004HiD,1.858736059479554,MFH,residential,MFH,32255.016807571315,400.2,1250.6,92.15999999999998,0.7109607022392004,2.57,0.2104878494427188,0.23028485757121436,False
DEBW_52210004Hls,DEBW_52210004Hls,medium,3,165000,17048.13477570538,22962.8878386801,2745.1670054085816,275.0,4.2,residential,56.02,275.0,859.3,0.7230688857575838,2.57,0.1689384800965018,DEBW_52210004Hls,1.7857142857142856,EFH,residential,EFH,22962.8878386801,275.0,859.3,56.02,0.7230688857575838,2.57,0.1689384800965018,0.20370909090909092,False
DEBW_52210004HpC,DEBW_52210004HpC,medium,3,165000,21550.64841702398,26516.3711151283,3475.7768218824863,288.0,4.2,residential,77.13,288.0,900.1,0.7193246829843702,2.57,0.2076401227588434,DEBW_52210004HpC,1.718213058419244,MFH,residential,MFH,26516.3711151283,288.0,900.1,77.13,0.7193246829843702,2.57,0.2076401227588434,0.2678125,False
DEBW_52210004HrR,DEBW_52210004HrR,medium,3,165000,28777.24027284238,35745.90246461288,4894.695284065444,466.7,4.2,residential,101.34999999999998,466.7,1458.4,0.7155899581589958,2.5700000000000003,0.2088441962537863,DEBW_52210004HrR,1.9305019305019304,MFH,residential,MFH,35745.90246461288,466.7,1458.4,101.34999999999998,0.7155899581589958,2.5700000000000003,0.2088441962537863,0.21716305978144415,False
DEBW_52210004HxR,DEBW_52210004HxR,medium,3,165000,17503.714423524387,21008.570707622017,2879.5231832235136,227.6,4.2,residential,60.64,227.6,711.1,0.6901030063480655,2.5699999999999994,0.2182865370770338,DEBW_52210004HxR,1.6556291390728477,MFH,residential,MFH,21008.570707622017,227.6,711.1,60.64,0.6901030063480655,2.5699999999999994,0.2182865370770338,0.2664323374340949,False
DEBW_52210004Hxc,DEBW_52210004Hxc,medium,3,165000,21843.03134554438,27869.58603828219,3680.7314792761417,358.6,4.2,residential,78.17000000000002,358.6,1120.7,0.7084514034752722,2.5699999999999994,0.2113731004272349,DEBW_52210004Hxc,2.0202020202020203,MFH,residential,MFH,27869.58603828219,358.6,1120.7,78.17000000000002,0.7084514034752722,2.5699999999999994,0.2113731004272349,0.2179866146123815,False
DEBW_52210004I04,DEBW_52210004I04,medium,3,165000,25217.4994408601,31075.70513852909,4152.612948808156,376.1,4.2,residential,89.71000000000001,376.1,1175.3,0.7151395334187262,2.57,0.2090216454251031,DEBW_52210004I04,1.8018018018018016,MFH,residential,MFH,31075.70513852909,376.1,1175.3,89.71000000000001,0.7151395334187262,2.57,0.2090216454251031,0.2385269875033236,False
DEBW_52210004IZi,DEBW_52210004IZi,medium,3,165000,13415.349318660968,16446.740990635262,2103.1716997011604,139.8,4.2,residential,49.190000000000005,139.8,436.9,0.7072911382821667,2.57,0.2117338154269972,DEBW_52210004IZi,1.3386880856760375,MFH,residential,MFH,16446.740990635262,139.8,436.9,49.190000000000005,0.7072911382821667,2.57,0.2117338154269972,0.351859799713877,False
DEBW_52210004Ihn,DEBW_52210004Ihn,medium,3,165000,34690.506553376494,44251.367753162114,5566.106932207397,527.7,4.2,residential,121.92,527.7,1649.0,0.7103970604028906,2.5700000000000003,0.2106354307038457,DEBW_52210004Ihn,1.9267822736030829,MFH,residential,MFH,44251.367753162114,527.7,1649.0,121.92,0.7103970604028906,2.5700000000000003,0.2106354307038457,0.23104036384309265,False
DEBW_52210004IuQ,DEBW_52210004IuQ,medium,3,165000,21153.2687959656,25128.065315478445,3687.72696087055,311.8,4.2,residential,71.56,311.8,974.2,0.6824562195795073,2.5699999999999994,0.2214657093339935,DEBW_52210004IuQ,1.8691588785046729,MFH,residential,MFH,25128.065315478445,311.8,974.2,71.56,0.6824562195795073,2.5699999999999994,0.2214657093339935,0.2295060936497755,False
DEBW_52210004KwN,DEBW_52210004KwN,medium,3,165000,16528.993636992265,20922.6694173581,2658.7016531433087,215.7,4.2,residential,59.11,215.7,674.0,0.6938694926775011,2.57,0.216821949966987,DEBW_52210004KwN,1.6260162601626016,MFH,residential,MFH,20922.6694173581,215.7,674.0,59.11,0.6938694926775011,2.57,0.216821949966987,0.2740380157626333,False
DEBW_52210004L5J,DEBW_52210004L5J,medium,3,165000,31097.93000298348,39554.97741986407,5408.988554003068,561.8,4.2,residential,105.28,561.8,1755.5,0.7014927363323742,2.57,0.2139272143539309,DEBW_52210004L5J,2.277904328018223,MFH,residential,MFH,39554.97741986407,561.8,1755.5,105.28,0.7014927363323742,2.57,0.2139272143539309,0.18739765040939838,False
DEBW_52210004L7q,DEBW_52210004L7q,medium,3,165000,14956.032314873386,21433.865643612706,2145.6561563409086,220.3,4.2,residential,50.98,220.3,688.4,0.7051006788631918,2.5700000000000007,0.1757506808701348,DEBW_52210004L7q,1.572327044025157,EFH,residential,EFH,21433.865643612706,220.3,688.4,50.98,0.7051006788631918,2.5700000000000007,0.1757506808701348,0.2314117113027689,False
DEBW_52210004Lja,DEBW_52210004Lja,medium,3,165000,29526.04616157239,36810.30736622361,4987.605763655766,472.1,4.2,residential,101.9,472.1,1475.3,0.7071468776841682,2.5700000000000003,0.2118370995572002,DEBW_52210004Lja,1.9305019305019304,MFH,residential,MFH,36810.30736622361,472.1,1475.3,101.9,0.7071468776841682,2.5700000000000003,0.2118370995572002,0.21584410082609617,False
DEBW_52210004bgQ,DEBW_52210004bgQ,medium,3,165000,25703.925293915618,31605.84424702114,4320.594956062319,403.9,4.2,residential,90.33,403.9,1262.3,0.7011929530544256,2.57,0.2140217030753921,DEBW_52210004bgQ,1.7985611510791366,MFH,residential,MFH,31605.84424702114,403.9,1262.3,90.33,0.7011929530544256,2.57,0.2140217030753921,0.2236444664520921,False
DEBW_52210004cUQ,DEBW_52210004cUQ,medium,3,165000,17565.79441416015,24828.374212449864,2589.9627002316183,249.0,4.2,residential,59.27,249.0,778.0,0.7320492945259263,2.569999999999999,0.1658505190698715,DEBW_52210004cUQ,1.680672268907563,EFH,residential,EFH,24828.374212449864,249.0,778.0,59.27,0.7320492945259263,2.569999999999999,0.1658505190698715,0.23803212851405622,False
DEBW_52210004caM,DEBW_52210004caM,medium,3,165000,53050.911279945714,47042.96201723383,12226.869782785803,888.6,4.2,residential,184.45,888.6,2251.2,0.6950527831829253,2.5700000000000003,0.2989804353816478,DEBW_52210004caM,2.079002079002079,RH,residential,RH,47042.96201723383,888.6,2251.2,184.45,0.6950527831829253,2.5700000000000003,0.2989804353816478,0.20757371145622325,False
DEBW_52210004d3g,DEBW_52210004d3g,medium,3,165000,17499.362937905964,24188.12689912557,2917.8626148784792,340.8,4.2,residential,63.010000000000005,340.8,1065.0,0.6899245109055808,2.57,0.2183752685936092,DEBW_52210004d3g,2.1141649048625792,MFH,residential,MFH,24188.12689912557,340.8,1065.0,63.010000000000005,0.6899245109055808,2.57,0.2183752685936092,0.18488849765258217,False
DEBW_52210004dF4,DEBW_52210004dF4,medium,3,165000,14951.510568070613,13125.48396000159,3021.7805961650183,136.9,4.2,residential,53.440000000000005,136.9,427.9,0.7029475100942127,2.57,0.2965758366169044,DEBW_52210004dF4,1.4814814814814814,RH,residential,RH,13125.48396000159,136.9,427.9,53.440000000000005,0.7029475100942127,2.57,0.2965758366169044,0.39035792549306064,True
DEBW_52210004dGw,DEBW_52210004dGw,medium,3,165000,21139.729118388987,27525.682927657348,3628.3599661930944,410.5,4.2,residential,75.28,410.5,1282.7,0.6922065159510092,2.5700000000000003,0.2175093903496099,DEBW_52210004dGw,2.272727272727273,MFH,residential,MFH,27525.682927657348,410.5,1282.7,75.28,0.6922065159510092,2.5700000000000003,0.2175093903496099,0.1833861144945189,False
DEBW_52210004dNl,DEBW_52210004dNl,medium,3,165000,18226.559503243592,27100.20103110846,2600.4503435859374,304.0,4.2,residential,63.05,304.0,950.1,0.7361409796893669,2.5700000000000003,0.1644711099517412,DEBW_52210004dNl,1.6891891891891893,EFH,residential,EFH,27100.20103110846,304.0,950.1,63.05,0.7361409796893669,2.5700000000000003,0.1644711099517412,0.20740131578947368,False
DEBW_52210004dQ2,DEBW_52210004dQ2,medium,3,165000,12541.208809222286,16923.079218395662,1926.300147422499,191.4,4.2,residential,42.5,191.4,598.1,0.6849693334688759,2.57,0.1842938294089588,DEBW_52210004dQ2,1.4577259475218658,EFH,residential,EFH,16923.079218395662,191.4,598.1,42.5,0.6849693334688759,2.57,0.1842938294089588,0.22204806687565307,False
DEBW_52210004dQC,DEBW_52210004dQC,medium,3,165000,43984.75485122544,57262.75515312166,7702.622759436,863.1,4.2,residential,149.29000000000002,863.1,2697.3,0.6805766971201113,2.5699999999999994,0.2222304921253982,DEBW_52210004dQC,2.380952380952381,MFH,residential,MFH,57262.75515312166,863.1,2697.3,149.29000000000002,0.6805766971201113,2.5699999999999994,0.2222304921253982,0.17296952844398103,False
DEBW_52210004dvl,DEBW_52210004dvl,medium,3,165000,29988.66311550129,38030.04622403718,4801.741504611431,448.1,4.2,residential,106.73,448.1,1400.3,0.7108222541831829,2.57,0.2105128205128205,DEBW_52210004dvl,1.8939393939393938,MFH,residential,MFH,38030.04622403718,448.1,1400.3,106.73,0.7108222541831829,2.57,0.2105128205128205,0.23818344119616155,False
DEBW_52210004e9F,DEBW_52210004e9F,medium,3,165000,31607.30883851678,41364.61894481239,5068.962273246125,496.2,4.2,residential,113.82,496.2,1550.5,0.7337917027821682,2.57,0.2029998751538283,DEBW_52210004e9F,2.004008016032064,MFH,residential,MFH,41364.61894481239,496.2,1550.5,113.82,0.7337917027821682,2.57,0.2029998751538283,0.22938331318016927,False
DEBW_52210004eFK,DEBW_52210004eFK,medium,3,165000,46901.94383609414,58239.88669017673,8145.920182789436,805.1,4.2,residential,159.88000000000002,805.1,2515.8,0.7073181103279549,2.5699999999999994,0.2117700041061234,DEBW_52210004eFK,2.1691973969631237,MFH,residential,MFH,58239.88669017673,805.1,2515.8,159.88000000000002,0.7073181103279549,2.5699999999999994,0.2117700041061234,0.19858402682896537,False
DEBW_52210004edl,DEBW_52210004edl,medium,3,165000,15133.301312710562,20942.897425954045,2297.2429816464187,237.7,4.2,residential,51.34,237.7,743.0,0.7132810656846104,2.5699999999999994,0.1725772294867054,DEBW_52210004edl,1.5503875968992247,EFH,residential,EFH,20942.897425954045,237.7,743.0,51.34,0.7132810656846104,2.5699999999999994,0.1725772294867054,0.21598653765250317,False
DEBW_52210004evV,DEBW_52210004evV,medium,3,165000,27142.27420206951,34689.71947934356,4300.490658799688,445.0,4.2,residential,98.53000000000002,445.0,1390.7,0.7158728730836219,2.5699999999999994,0.2087809632784523,DEBW_52210004evV,2.028397565922921,MFH,residential,MFH,34689.71947934356,445.0,1390.7,98.53000000000002,0.7158728730836219,2.5699999999999994,0.2087809632784523,0.22141573033707868,False
DEBW_52210004ewN,DEBW_52210004ewN__01,medium,3,165000,15874.188330590185,18497.270385740423,2852.411483626358,227.8,4.2,residential,51.96,227.8,712.0,0.6877687994148584,2.57,0.2192590091990885,DEBW_52210004ewN,1.8903591682419658,MFH,residential,MFH,18497.270385740423,227.8,712.0,51.96,0.6877687994148584,2.57,0.2192590091990885,0.22809482001755926,False
DEBW_52210004f3W,DEBW_52210004f3W,medium,3,165000,19405.33579910877,23869.24777630806,3055.287381844683,211.9,4.2,residential,71.51,211.9,662.1,0.7591152004033276,2.5699999999999994,0.1957729898431297,DEBW_52210004f3W,1.461988304093567,MFH,residential,MFH,23869.24777630806,211.9,662.1,71.51,0.7591152004033276,2.5699999999999994,0.1957729898431297,0.33747050495516756,False
DEBW_52210004fK1,DEBW_52210004fK1,medium,3,165000,21422.368307742086,25810.231512621856,3486.7093281283737,272.8,4.2,residential,75.3,272.8,852.6,0.6908561288297641,2.57,0.2180017949682985,DEBW_52210004fK1,1.6129032258064517,MFH,residential,MFH,25810.231512621856,272.8,852.6,75.3,0.6908561288297641,2.57,0.2180017949682985,0.2760263929618768,False
DEBW_52210004fgD,DEBW_52210004fgD,medium,3,165000,17515.91826204892,21364.726416142374,2775.361673887727,205.6,4.2,residential,62.81,205.6,642.3,0.7113590669092861,2.57,0.2103412477813871,DEBW_52210004fgD,1.5174506828528072,MFH,residential,MFH,21364.726416142374,205.6,642.3,62.81,0.7113590669092861,2.57,0.2103412477813871,0.30549610894941637,False
DEBW_52210004xfl,DEBW_52210004xfl,medium,3,165000,26910.08590402877,32952.80769485038,4388.746257213428,401.0,4.2,residential,96.14,401.0,1253.1,0.710651064989681,2.57,0.2105977963242864,DEBW_52210004xfl,1.8450184501845017,MFH,residential,MFH,32952.80769485038,401.0,1253.1,96.14,0.710651064989681,2.57,0.2105977963242864,0.2397506234413965,False
DEBW_52210004xqq,DEBW_52210004xqq,medium,3,165000,22278.287320110463,29882.13867284685,4211.20666186258,551.2,4.2,residential,77.27999999999999,551.2,1722.5,0.6770097485653706,2.5700000000000003,0.223850766155896,DEBW_52210004xqq,2.793296089385475,MFH,residential,MFH,29882.13867284685,551.2,1722.5,77.27999999999999,0.6770097485653706,2.5700000000000003,0.223850766155896,0.1402031930333817,False
DEBW_52210004xrI,DEBW_52210004xrI,medium,3,165000,19626.924945599963,23639.52674789998,3460.3617526054204,297.4,4.2,residential,65.80000000000001,297.4,929.4,0.6748345603106545,2.5699999999999994,0.2247421271944805,DEBW_52210004xrI,1.8832391713747645,MFH,residential,MFH,23639.52674789998,297.4,929.4,65.80000000000001,0.6748345603106545,2.5699999999999994,0.2247421271944805,0.2212508406186954,False
DEBW_52210004xsG,DEBW_52210004xsG,medium,3,165000,11785.233625169258,16544.108645051063,1701.2565190406535,162.4,4.2,residential,41.22,162.4,507.4,0.7303636892638927,2.5700000000000003,0.1664176995437845,DEBW_52210004xsG,1.3679890560875514,EFH,residential,EFH,16544.108645051063,162.4,507.4,41.22,0.7303636892638927,2.5700000000000003,0.1664176995437845,0.2538177339901478,False
DEBW_52210004xx4,DEBW_52210004xx4,medium,3,165000,21391.145173102643,21108.0331356447,4064.056938909655,245.4,4.2,residential,76.39000000000001,245.4,766.9,0.6746630699248913,2.5699999999999994,0.3057434460676406,DEBW_52210004xx4,1.8050541516245486,RH,residential,RH,21108.0331356447,245.4,766.9,76.39000000000001,0.6746630699248913,2.5699999999999994,0.3057434460676406,0.31128769356153224,False
DEBW_52210004y9B,DEBW_52210004y9B,medium,3,165000,24941.92244445569,30626.546090516746,4183.258224183664,388.6,4.2,residential,87.64,388.6,1214.5,0.6932775418436173,2.57,0.2170327629330626,DEBW_52210004y9B,1.824817518248175,MFH,residential,MFH,30626.546090516746,388.6,1214.5,87.64,0.6932775418436173,2.57,0.2170327629330626,0.22552753474009263,False
DEBW_52210004yBG,DEBW_52210004yBG,medium,3,165000,34078.09947530279,43206.50384162094,5547.83446568777,541.5,4.2,residential,120.05,541.5,1692.3,0.709358162264797,2.57,0.2110620791504773,DEBW_52210004yBG,2.0,MFH,residential,MFH,43206.50384162094,541.5,1692.3,120.05,0.709358162264797,2.57,0.2110620791504773,0.22169898430286242,False
DEBW_52210004ylt,DEBW_52210004ylt,medium,3,165000,27974.00822274618,38159.661998387455,4766.727882559893,586.1,4.2,residential,96.97,586.1,1831.4,0.7026422834029726,2.5699999999999994,0.2134868565893179,DEBW_52210004ylt,2.5839793281653747,MFH,residential,MFH,38159.661998387455,586.1,1831.4,96.97,0.7026422834029726,2.5699999999999994,0.2134868565893179,0.16544958198259682,False
DEBW_52210004yr8,DEBW_52210004yr8,medium,3,165000,17304.93766724302,21120.873657515087,2715.7261845276253,202.2,4.2,residential,62.28,202.2,631.9,0.7170628203961538,2.5700000000000003,0.2083849165188878,DEBW_52210004yr8,1.5151515151515151,MFH,residential,MFH,21120.873657515087,202.2,631.9,62.28,0.7170628203961538,2.5700000000000003,0.2083849165188878,0.3080118694362018,False
DEBW_52210004zAp,DEBW_52210004zAp,medium,3,165000,9630.922495091016,13025.039087226003,1625.7912914192902,155.0,4.2,residential,35.36,155.0,484.5,0.7002883061362808,2.5699999999999994,0.214342001576044,DEBW_52210004zAp,1.9083969465648853,MFH,residential,MFH,13025.039087226003,155.0,484.5,35.36,0.7002883061362808,2.5699999999999994,0.214342001576044,0.22812903225806452,False
DEBW_52210004zCV,DEBW_52210004zCV,medium,3,165000,6907.137114776211,4538.160685299473,1848.5621949768845,52.4,4.2,residential,20.14,52.4,96.1,0.5921111349495817,2.57,0.3477209944751381,DEBW_52210004zCV,0.8695652173913044,RH,residential,RH,4538.160685299473,52.4,96.1,20.14,0.5921111349495817,2.57,0.3477209944751381,0.384351145038168,True
DEBW_52210004zDV,DEBW_52210004zDV,medium,3,165000,13736.9997737071,18637.476541595195,2096.426593042009,191.0,4.2,residential,46.48,191.0,596.9,0.704557780230175,2.57,0.175947306658591,DEBW_52210004zDV,1.5220700152207,EFH,residential,EFH,18637.476541595195,191.0,596.9,46.48,0.704557780230175,2.57,0.175947306658591,0.24335078534031412,False
DEBW_52210004zE4,DEBW_52210004zE4,medium,3,165000,15163.148646810112,17432.138856301888,2727.7805398495884,213.3,4.2,residential,50.05,213.3,666.4,0.6909706480674221,2.5700000000000003,0.2179403440017417,DEBW_52210004zE4,1.8518518518518516,MFH,residential,MFH,17432.138856301888,213.3,666.4,50.05,0.6909706480674221,2.5700000000000003,0.2179403440017417,0.23464603844350676,False
DEBW_52210004zH7,DEBW_52210004zH7,medium,3,165000,18191.29006470957,23111.76877004863,3137.3616851591582,301.4,4.2,residential,64.0,301.4,941.9,0.6807721575649062,2.57,0.2221527994723871,DEBW_52210004zH7,1.9880715705765408,MFH,residential,MFH,23111.76877004863,301.4,941.9,64.0,0.6807721575649062,2.57,0.2221527994723871,0.21234240212342403,False
DEBW_52210004zVF,DEBW_52210004zVF,medium,3,165000,34556.74061388688,44756.67041169667,5663.6018141705,578.0,4.2,residential,121.33,578.0,1806.2,0.7222763207428786,2.57,0.2066387356086926,DEBW_52210004zVF,2.141327623126338,MFH,residential,MFH,44756.67041169667,578.0,1806.2,121.33,0.7222763207428786,2.57,0.2066387356086926,0.20991349480968857,False
DEBW_52210004zyP,DEBW_52210004zyP,medium,3,165000,25647.324468288527,31711.8119027464,4310.731227408547,412.4,4.2,residential,90.25,412.4,1288.8,0.7200056750110347,2.57,0.207380684298812,DEBW_52210004zyP,1.8939393939393938,MFH,residential,MFH,31711.8119027464,412.4,1288.8,90.25,0.7200056750110347,2.57,0.207380684298812,0.2188409311348206,False
DEBW_522100050H1,DEBW_522100050H1,medium,3,165000,5276.787656212549,6660.67327790815,840.7744806180065,53.9,4.2,residential,18.25,53.9,116.1,0.7168322779672025,2.57,0.1712328767123287,DEBW_522100050H1,0.8453085376162299,EFH,residential,EFH,6660.67327790815,53.9,116.1,18.25,0.7168322779672025,2.57,0.1712328767123287,0.3385899814471243,False
DEBW_522100050Oj,DEBW_522100050Oj,medium,3,165000,15459.624756056734,17813.176316206424,2829.222451067952,216.4,4.2,residential,50.65,216.4,676.1,0.7028474885844749,2.5700000000000003,0.2133709663830145,DEBW_522100050Oj,1.8867924528301885,MFH,residential,MFH,17813.176316206424,216.4,676.1,50.65,0.7028474885844749,2.5700000000000003,0.2133709663830145,0.23405730129390018,False
DEBW_522100050uW,DEBW_522100050uW,medium,3,165000,17832.214847216746,23813.55918648184,3115.7050044796943,367.1,4.2,residential,60.63,367.1,906.4,0.7395249962617753,2.57,0.1633659364643117,DEBW_522100050uW,1.6103059581320451,EFH,residential,EFH,23813.55918648184,367.1,906.4,60.63,0.7395249962617753,2.57,0.1633659364643117,0.1651593571233996,False
DEBW_522100050wu,DEBW_522100050wu,medium,3,165000,26663.637428920247,34233.393923906406,4422.650484052531,430.5,4.2,residential,96.83,430.5,1345.2,0.731953125,2.5699999999999994,0.2035954583683768,DEBW_522100050wu,2.0366598778004072,MFH,residential,MFH,34233.393923906406,430.5,1345.2,96.83,0.731953125,2.5699999999999994,0.2035954583683768,0.22492450638792102,False
DEBW_522100050y5,DEBW_522100050y5,medium,3,165000,19442.79933768678,23740.82458054428,3112.6783735585204,244.4,4.2,residential,69.32000000000001,244.4,763.7,0.725593182946335,2.5699999999999994,0.2055204719973909,DEBW_522100050y5,1.6447368421052633,MFH,residential,MFH,23740.82458054428,244.4,763.7,69.32000000000001,0.725593182946335,2.5699999999999994,0.2055204719973909,0.28363338788870707,False
DEBW_5221000518C,DEBW_5221000518C,medium,3,165000,24230.762605506352,38198.50529309487,3412.628463998436,548.3,4.2,residential,98.42000000000002,548.3,1482.5,0.7383061049011178,2.57,0.1800025604916144,DEBW_5221000518C,1.8761726078799248,MFH,residential,MFH,38198.50529309487,548.3,1482.5,98.42000000000002,0.7383061049011178,2.57,0.1800025604916144,0.1795002735728616,False
DEBW_522100051DN,DEBW_522100051DN,medium,3,165000,11914.681802130604,13869.406983715277,2192.040560095872,163.8,4.2,residential,39.17,163.8,511.8,0.7101623299116734,2.57,0.2107386883305536,DEBW_522100051DN,1.8621973929236497,MFH,residential,MFH,13869.406983715277,163.8,511.8,39.17,0.7101623299116734,2.57,0.2107386883305536,0.23913308913308912,False
DEBW_522100051Hd,DEBW_522100051Hd,medium,3,165000,11759.461690035329,14739.605744663444,2737.608791543911,311.1,4.2,residential,35.99,311.1,972.2,0.6136089015997854,2.57,0.2594621872972388,DEBW_522100051Hd,2.9154518950437316,MFH,residential,MFH,14739.605744663444,311.1,972.2,35.99,0.6136089015997854,2.57,0.2594621872972388,0.11568627450980391,True
DEBW_522100053Xz,DEBW_522100053Xz,medium,3,165000,5183.492781408209,5205.064152851726,971.9451593284996,69.2,4.2,residential,19.83,69.2,142.7,0.6532106766256591,2.5700000000000003,0.270016339869281,DEBW_522100053Xz,0.9624639076034649,RH,residential,RH,5205.064152851726,69.2,142.7,19.83,0.6532106766256591,2.5700000000000003,0.270016339869281,0.28656069364161846,False
DEBW_522100054BV,DEBW_522100054BV,medium,3,165000,15487.885254220866,17583.81334260365,2899.2682272543907,216.2,4.2,residential,49.56,216.2,675.7,0.6848245135479181,2.5700000000000003,0.2205411178355286,DEBW_522100054BV,1.8691588785046729,MFH,residential,MFH,17583.81334260365,216.2,675.7,49.56,0.6848245135479181,2.5700000000000003,0.2205411178355286,0.2292321924144311,False
DEBW_522100054Ih,DEBW_522100054Ih,medium,3,165000,32437.13479363608,44172.40038877885,5730.330129799433,697.1,4.2,residential,109.72,697.1,2178.5,0.6734692790626361,2.57,0.2253625272152158,DEBW_522100054Ih,2.463054187192118,MFH,residential,MFH,44172.40038877885,697.1,2178.5,109.72,0.6734692790626361,2.57,0.2253625272152158,0.15739492181896428,False
DEBW_52210005J24,DEBW_52210005J24,medium,3,165000,31268.79814427989,39834.754709918496,5290.491184193736,559.7,4.2,residential,116.68,559.7,1553.9,0.7654038987569681,2.5700000000000003,0.1941366343882067,DEBW_52210005J24,1.9455252918287937,MFH,residential,MFH,39834.754709918496,559.7,1553.9,116.68,0.7654038987569681,2.5700000000000003,0.1941366343882067,0.2084688225835269,False
DEBW_52210005JLO,DEBW_52210005JLO,medium,3,165000,19770.362507812733,24155.00867536772,3125.335558733719,251.3,4.2,residential,71.78,251.3,785.4,0.7268137908950205,2.57,0.2051736458482206,DEBW_52210005JLO,1.5822784810126582,MFH,residential,MFH,24155.00867536772,251.3,785.4,71.78,0.7268137908950205,2.57,0.2051736458482206,0.28563469956227616,False
DEBW_52210005JMk,DEBW_52210005JMk,medium,3,165000,15975.579407990908,24409.17067417801,2172.444315717961,255.3,4.2,residential,55.55,255.3,797.9,0.7403489574827155,2.57,0.1630993276373352,DEBW_52210005JMk,1.6181229773462784,EFH,residential,EFH,24409.17067417801,255.3,797.9,55.55,0.7403489574827155,2.57,0.1630993276373352,0.21758715236976103,False
DEBW_52210005JOp,DEBW_52210005JOp,medium,3,165000,21505.289399388854,26726.79631849114,3766.543308146051,371.7,4.2,residential,74.66,371.7,1161.6,0.6976965462953854,2.5700000000000003,0.2153322565759113,DEBW_52210005JOp,2.044989775051125,MFH,residential,MFH,26726.79631849114,371.7,1161.6,74.66,0.6976965462953854,2.5700000000000003,0.2153322565759113,0.20086090933548562,False
DEBW_52210005JfZ,DEBW_52210005JfZ,medium,3,165000,25843.2075815196,32927.29166655312,4197.366344730775,400.9,4.2,residential,90.07,400.9,1253.0,0.7056782405974705,2.57,0.2123641336382712,DEBW_52210005JfZ,1.976284584980237,MFH,residential,MFH,32927.29166655312,400.9,1253.0,90.07,0.7056782405974705,2.57,0.2123641336382712,0.22466949363931155,False
DEBW_52210005Jkv,DEBW_52210005Jkv,medium,3,165000,11647.784098619331,22330.45775117516,1240.410066424393,253.5,4.2,residential,46.42,253.5,792.2,0.7430177027583368,2.5700000000000003,0.1400132714001327,DEBW_52210005Jkv,1.6474464579901154,EFH,residential,EFH,22330.45775117516,253.5,792.2,46.42,0.7430177027583368,2.5700000000000003,0.1400132714001327,0.1831163708086785,False
DEBW_52210005JtI,DEBW_52210005JtI,medium,3,165000,35633.12454642869,44262.07303208371,6071.534926690998,601.6,4.2,residential,124.79,601.6,1880.0,0.7177965998969665,2.57,0.2081081982522847,DEBW_52210005JtI,2.044989775051125,MFH,residential,MFH,44262.07303208371,601.6,1880.0,124.79,0.7177965998969665,2.57,0.2081081982522847,0.20743018617021278,False
DEBW_52210005K5d,DEBW_52210005K5d,medium,3,165000,13059.02320803508,17951.677780625425,1989.4237639443893,183.4,4.2,residential,44.14,183.4,573.2,0.7156184823793715,2.57,0.1716908475631102,DEBW_52210005K5d,1.547987616099071,EFH,residential,EFH,17951.677780625425,183.4,573.2,44.14,0.7156184823793715,2.57,0.1716908475631102,0.24067611777535441,False
DEBW_52210005K93,DEBW_52210005K93,medium,3,165000,27880.96309034241,33919.004389206304,4702.748305315547,426.0,4.2,residential,98.3,426.0,1331.4,0.7084816853292845,2.57,0.2113387655064176,DEBW_52210005K93,1.824817518248175,MFH,residential,MFH,33919.004389206304,426.0,1331.4,98.3,0.7084816853292845,2.57,0.2113387655064176,0.23075117370892018,False
DEBW_52210005KEF,DEBW_52210005KEF,medium,3,165000,83373.05224062821,111940.33111731136,15743.279139360398,2050.4,4.2,residential,282.49999999999994,2050.4,6407.4,0.7029434577816794,2.57,0.2133524658258439,DEBW_52210005KEF,2.824858757062147,MFH,residential,MFH,111940.33111731136,2050.4,6407.4,282.49999999999994,0.7029434577816794,2.57,0.2133524658258439,0.13777799453765116,True
DEBW_52210005KUx,DEBW_52210005KUx,medium,3,165000,25501.252613873283,31052.707883634288,4111.455132586604,352.9,4.2,residential,91.74,352.9,1102.9,0.7199818001323626,2.57,0.2074298505437855,DEBW_52210005KUx,1.7361111111111112,MFH,residential,MFH,31052.707883634288,352.9,1102.9,91.74,0.7199818001323626,2.57,0.2074298505437855,0.25996032870501556,False
DEBW_52210005KXK,DEBW_52210005KXK,medium,3,165000,12842.652520636462,15329.685307375968,2268.299132707173,176.3,4.2,residential,43.45,176.3,550.8,0.719765290986825,2.57,0.2073985680190931,DEBW_52210005KXK,1.7391304347826089,MFH,residential,MFH,15329.685307375968,176.3,550.8,43.45,0.719765290986825,2.57,0.2073985680190931,0.24645490640952922,False
DEBW_52210005Kf7,DEBW_52210005Kf7,medium,3,165000,20869.860261571688,25682.27151957208,3187.230720568996,232.7,4.2,residential,76.73999999999998,232.7,727.1,0.7523707687931525,2.5700000000000003,0.1975798146240988,DEBW_52210005Kf7,1.4903129657228018,MFH,residential,MFH,25682.27151957208,232.7,727.1,76.73999999999998,0.7523707687931525,2.5700000000000003,0.1975798146240988,0.32978083369144817,False
DEBW_52210005KyO,DEBW_52210005KyO,medium,3,165000,27646.80545733658,35104.9907720937,4411.402837275272,406.1,4.2,residential,97.44,406.1,1269.1,0.7097498465316144,2.57,0.2109045258760633,DEBW_52210005KyO,1.8761726078799248,MFH,residential,MFH,35104.9907720937,406.1,1269.1,97.44,0.7097498465316144,2.57,0.2109045258760633,0.2399409012558483,False
DEBW_52210005L39,DEBW_52210005L39,medium,3,165000,30774.479487258435,38436.19303549549,5018.270055488663,457.2,4.2,residential,107.13,457.2,1428.9,0.7143933884878186,2.57,0.2092791560851729,DEBW_52210005L39,1.9011406844106462,MFH,residential,MFH,38436.19303549549,457.2,1428.9,107.13,0.7143933884878186,2.57,0.2092791560851729,0.23431758530183727,False
DEBW_52210005L4M,DEBW_52210005L4M,medium,3,165000,16714.034943364262,20170.3512002902,2796.7599428050253,226.6,4.2,residential,57.56,226.6,708.0,0.7051507724062307,2.57,0.2125161528521321,DEBW_52210005L4M,1.7605633802816902,MFH,residential,MFH,20170.3512002902,226.6,708.0,57.56,0.7051507724062307,2.57,0.2125161528521321,0.2540158870255958,False
DEBW_52210005LJS,DEBW_52210005LJS,medium,3,165000,20334.558339417952,25052.461376745203,3398.440553050093,300.0,4.2,residential,72.72000000000001,300.0,937.3,0.7185493401358773,2.569999999999999,0.2078605116478491,DEBW_52210005LJS,1.8796992481203008,MFH,residential,MFH,25052.461376745203,300.0,937.3,72.72000000000001,0.7185493401358773,2.569999999999999,0.2078605116478491,0.24240000000000003,False
DEBW_52210005LZh,DEBW_52210005LZh,medium,3,165000,21212.251403354392,27474.541571721293,3339.1944853983587,313.7,4.2,residential,75.4,313.7,980.2,0.7061984612349576,2.57,0.2121493486395993,DEBW_52210005LZh,1.8656716417910446,MFH,residential,MFH,27474.541571721293,313.7,980.2,75.4,0.7061984612349576,2.57,0.2121493486395993,0.24035702900860698,False
DEBW_52210005M2x,DEBW_52210005M2x,medium,3,165000,26397.78631798625,32198.260445018128,4484.8195459009685,415.8,4.2,residential,91.99,415.8,1299.2,0.6940878492424393,2.5699999999999994,0.2167173180672368,DEBW_52210005M2x,1.8214936247723132,MFH,residential,MFH,32198.260445018128,415.8,1299.2,91.99,0.6940878492424393,2.5699999999999994,0.2167173180672368,0.22123617123617123,False
DEBW_52210005MRo,DEBW_52210005MRo,medium,3,165000,15313.557616122913,14794.786530823829,3001.1161713102038,163.5,4.2,residential,57.42,163.5,511.0,0.6635555758516759,2.57,0.3099093264248704,DEBW_52210005MRo,1.5432098765432098,RH,residential,RH,14794.786530823829,163.5,511.0,57.42,0.6635555758516759,2.57,0.3099093264248704,0.3511926605504587,False
DEBW_52210005MSz,DEBW_52210005MSz,medium,3,165000,16579.992017843007,22380.635397824124,2705.0849869431145,267.2,4.2,residential,59.95,267.2,835.1,0.684023713042173,2.5700000000000003,0.2207940483205656,DEBW_52210005MSz,1.9083969465648853,MFH,residential,MFH,22380.635397824124,267.2,835.1,59.95,0.684023713042173,2.5700000000000003,0.2207940483205656,0.22436377245508984,False
DEBW_52210005MV3,DEBW_52210005MV3,medium,3,165000,45319.66012270916,56388.9823862925,7596.268979155632,701.9,4.2,residential,158.60000000000002,701.9,2193.4,0.7351128242092532,2.5699999999999994,0.2025646265454174,DEBW_52210005MV3,2.0202020202020203,MFH,residential,MFH,56388.9823862925,701.9,2193.4,158.60000000000002,0.7351128242092532,2.5699999999999994,0.2025646265454174,0.22595811369140908,False
DEBW_52210005Mki,DEBW_52210005Mki,medium,3,165000,29144.466184736288,35466.846916364026,4920.959333559478,451.2,4.2,residential,102.59000000000002,451.2,1409.9,0.7091590060981159,2.5699999999999994,0.2110992221902136,DEBW_52210005Mki,1.8761726078799248,MFH,residential,MFH,35466.846916364026,451.2,1409.9,102.59000000000002,0.7091590060981159,2.5699999999999994,0.2110992221902136,0.22737145390070926,False
DEBW_52210005N87,DEBW_52210005N87,medium,3,165000,20916.48091183613,25570.279300253165,3412.021164232145,297.1,4.2,residential,75.08000000000001,297.1,928.5,0.7109886026386012,2.57,0.2104555010511563,DEBW_52210005N87,1.6528925619834711,MFH,residential,MFH,25570.279300253165,297.1,928.5,75.08000000000001,0.7109886026386012,2.57,0.2104555010511563,0.2527095254123191,False
DEBW_52210005PFV,DEBW_52210005PFV,medium,3,165000,13987.896812508374,19639.89440698089,2172.7848813383985,220.9,4.2,residential,52.09,220.9,690.4,0.7075084030608596,2.57,0.2116533257486489,DEBW_52210005PFV,1.8726591760299625,MFH,residential,MFH,19639.89440698089,220.9,690.4,52.09,0.7075084030608596,2.57,0.2116533257486489,0.2358080579447714,False
DEBW_52210005PRs,DEBW_52210005PRs,medium,3,165000,40480.29895957614,44847.27332021182,7258.3492187444945,364.1,4.2,residential,136.96999999999997,364.1,1137.7,0.6826100468116911,2.5700000000000007,0.2214229133998286,DEBW_52210005PRs,1.203369434416366,MFH,residential,MFH,44847.27332021182,364.1,1137.7,136.96999999999997,0.6826100468116911,2.5700000000000007,0.2214229133998286,0.3761878604778906,False
DEBW_52210005Q4u,DEBW_52210005Q4u,medium,3,165000,20405.858469413677,21419.63781681517,3779.903935291263,256.6,4.2,residential,75.84,256.6,802.0,0.6639910003461406,2.57,0.3097533082829603,DEBW_52210005Q4u,1.8832391713747645,RH,residential,RH,21419.63781681517,256.6,802.0,75.84,0.6639910003461406,2.57,0.3097533082829603,0.2955572876071707,False
DEBW_52210005dgg,DEBW_52210005dgg,medium,3,165000,13182.688473929817,15429.73632872113,2273.0622716427115,165.1,4.2,residential,44.06,165.1,515.8,0.678446802478636,2.5699999999999994,0.2231790092189241,DEBW_52210005dgg,1.6286644951140066,MFH,residential,MFH,15429.73632872113,165.1,515.8,44.06,0.678446802478636,2.5699999999999994,0.2231790092189241,0.2668685645063598,False
DEBW_52210005diH,DEBW_52210005diH,medium,3,165000,28665.541791325395,35037.269352114185,4733.535624587942,420.5,4.2,residential,101.48,420.5,1314.0,0.7099071446995098,2.57,0.210845626428423,DEBW_52210005diH,1.7064846416382253,MFH,residential,MFH,35037.269352114185,420.5,1314.0,101.48,0.7099071446995098,2.57,0.210845626428423,0.24133174791914389,False
DEBW_52210005djN,DEBW_52210005djN,medium,3,165000,26818.71955904029,32431.50021094968,4725.3263678258345,440.9,4.2,residential,92.55,440.9,1377.7,0.6980752199209674,2.57,0.2152075340076735,DEBW_52210005djN,1.9841269841269842,MFH,residential,MFH,32431.50021094968,440.9,1377.7,92.55,0.6980752199209674,2.57,0.2152075340076735,0.20991154456792924,False
DEBW_52210005dnU,DEBW_52210005dnU,medium,3,165000,12216.409476151175,16580.185629570562,1835.4657752172943,157.6,4.2,residential,41.540000000000006,157.6,492.4,0.7135153110218015,2.57,0.1724868164265249,DEBW_52210005dnU,1.430615164520744,EFH,residential,EFH,16580.185629570562,157.6,492.4,41.540000000000006,0.7135153110218015,2.57,0.1724868164265249,0.26357868020304576,False
DEBW_52210005doZ,DEBW_52210005doZ,medium,3,165000,21931.241974774137,26922.203655125817,3658.720349815692,324.2,4.2,residential,77.61999999999999,324.2,1013.1,0.7128760826438282,2.5700000000000003,0.2098234801178601,DEBW_52210005doZ,1.8903591682419658,MFH,residential,MFH,26922.203655125817,324.2,1013.1,77.61999999999999,0.7128760826438282,2.5700000000000003,0.2098234801178601,0.2394201110425663,False
DEBW_52210005eg5,DEBW_52210005eg5,medium,3,165000,21433.93011602497,25990.62965516502,3605.796564284471,310.4,4.2,residential,74.52000000000001,310.4,970.0,0.7131841448347158,2.569999999999999,0.209744152664021,DEBW_52210005eg5,1.8656716417910446,MFH,residential,MFH,25990.62965516502,310.4,970.0,74.52000000000001,0.7131841448347158,2.569999999999999,0.209744152664021,0.24007731958762893,False
DEBW_52210005ej5,DEBW_52210005ej5,medium,3,165000,22923.131374126573,28058.236889039643,3892.982011034564,348.9,4.2,residential,78.85,348.9,1090.4,0.687325074558385,2.5700000000000003,0.2194728198847663,DEBW_52210005ej5,1.9011406844106462,MFH,residential,MFH,28058.236889039643,348.9,1090.4,78.85,0.687325074558385,2.5700000000000003,0.2194728198847663,0.22599598738893667,False
DEBW_52210005elC,DEBW_52210005elC,medium,3,165000,21492.174599472848,26855.930986931395,3742.1360848445024,355.5,4.2,residential,72.02,355.5,1111.0,0.7033864746721522,2.57,0.2131904564561008,DEBW_52210005elC,2.1459227467811157,MFH,residential,MFH,26855.930986931395,355.5,1111.0,72.02,0.7033864746721522,2.57,0.2131904564561008,0.20258790436005625,False
DEBW_52210005ela,DEBW_52210005ela,medium,3,165000,22422.656348892306,27499.27963772736,3641.975446880917,301.5,4.2,residential,79.31,301.5,942.2,0.7077916186805179,2.57,0.2116118359614717,DEBW_52210005ela,1.718213058419244,MFH,residential,MFH,27499.27963772736,301.5,942.2,79.31,0.7077916186805179,2.57,0.2116118359614717,0.2630514096185738,False
DEBW_52210005ely,DEBW_52210005ely,medium,3,165000,10269.287399591509,13243.808341921442,1637.576759499069,99.3,4.2,residential,33.38,99.3,355.9,0.6864182328796716,2.5699999999999994,0.1836588720770289,DEBW_52210005ely,1.2674271229404308,EFH,residential,EFH,13243.808341921442,99.3,355.9,33.38,0.6864182328796716,2.5699999999999994,0.1836588720770289,0.33615307150050355,False
DEBW_52210005em7,DEBW_52210005em7,medium,3,165000,42416.85830126803,54610.61962926212,7545.779043371534,831.7,4.2,residential,143.67999999999998,831.7,2599.0,0.6746600982788847,2.5700000000000007,0.2248231833260311,DEBW_52210005em7,2.3696682464454977,MFH,residential,MFH,54610.61962926212,831.7,2599.0,143.67999999999998,0.6746600982788847,2.5700000000000007,0.2248231833260311,0.17275459901406753,False
DEBW_52210005enf,DEBW_52210005enf,medium,3,165000,35448.28180981819,50598.29687820865,6376.067901737621,863.9,4.2,residential,124.56,863.9,2699.8,0.7233246971191357,2.57,0.215718194728274,DEBW_52210005enf,2.8985507246376816,GMH,residential,GMH,50598.29687820865,863.9,2699.8,124.56,0.7233246971191357,2.57,0.215718194728274,0.14418335455492534,True
DEBW_52210005evc,DEBW_52210005evc,medium,3,165000,24408.880376469744,29552.235658611786,4436.194236027114,411.7,4.2,residential,81.05000000000001,411.7,1286.5,0.704387201611242,2.5699999999999994,0.2128581558421094,DEBW_52210005evc,2.2172949002217295,MFH,residential,MFH,29552.235658611786,411.7,1286.5,81.05000000000001,0.704387201611242,2.5699999999999994,0.2128581558421094,0.1968666504736459,False
DEBW_52210005fBS,DEBW_52210005fBS,medium,3,165000,20738.067145664165,24662.612823917105,3784.170826759548,363.3,4.2,residential,73.41,363.3,936.4,0.7520258364412734,2.5700000000000003,0.197710746027471,DEBW_52210005fBS,1.7889087656529514,MFH,residential,MFH,24662.612823917105,363.3,936.4,73.41,0.7520258364412734,2.5700000000000003,0.197710746027471,0.20206440957886043,False
DEBW_52210005fRL,DEBW_52210005fRL,medium,3,165000,14264.62572764768,20098.715519246733,2137.6548394923966,215.2,4.2,residential,47.8,215.2,672.4,0.6811639083290781,2.5700000000000003,0.1861008370644344,DEBW_52210005fRL,1.6051364365971108,EFH,residential,EFH,20098.715519246733,215.2,672.4,47.8,0.6811639083290781,2.5700000000000003,0.1861008370644344,0.22211895910780668,False
DEBW_52210005fRo,DEBW_52210005fRo,medium,3,165000,19569.291958180704,22822.195855705988,3744.197058642376,325.1,4.2,residential,63.08,325.1,1016.0,0.6660169844309382,2.5700000000000003,0.2288077188146106,DEBW_52210005fRo,2.0964360587002098,MFH,residential,MFH,22822.195855705988,325.1,1016.0,63.08,0.6660169844309382,2.5700000000000003,0.2288077188146106,0.1940326053521993,False
DEBW_52210005fiS,DEBW_52210005fiS,medium,3,165000,13566.396997537286,18899.806142091773,2049.691399753233,208.6,4.2,residential,45.41,208.6,652.0,0.6869566737658539,2.5700000000000003,0.1834747474747474,DEBW_52210005fiS,1.5772870662460567,EFH,residential,EFH,18899.806142091773,208.6,652.0,45.41,0.6869566737658539,2.5700000000000003,0.1834747474747474,0.2176893576222435,False
DEBW_52210005g5H,DEBW_52210005g5H,medium,3,165000,6442.507384280168,7953.722228949838,1099.7160120652604,85.5,4.2,residential,21.11,85.5,196.5,0.7121900566393958,2.57,0.1730327868852459,DEBW_52210005g5H,0.9823182711198428,EFH,residential,EFH,7953.722228949838,85.5,196.5,21.11,0.7121900566393958,2.57,0.1730327868852459,0.24690058479532162,False
DEBW_52210005gBZ,DEBW_52210005gBZ,medium,3,165000,18331.4369494814,22316.23798283948,2979.6689286242427,233.5,4.2,residential,64.45,233.5,729.6,0.6991266350602615,2.57,0.2148118521481185,DEBW_52210005gBZ,1.6313213703099512,MFH,residential,MFH,22316.23798283948,233.5,729.6,64.45,0.6991266350602615,2.57,0.2148118521481185,0.27601713062098504,False
DEBW_52210005gOD,DEBW_52210005gOD,medium,3,165000,25427.229561659453,30711.023629056468,4319.233511712479,378.2,4.2,residential,88.58,378.2,1181.8,0.7089225191805074,2.57,0.2112014496554684,DEBW_52210005gOD,1.8083182640144664,MFH,residential,MFH,30711.023629056468,378.2,1181.8,88.58,0.7089225191805074,2.57,0.2112014496554684,0.23421470121628768,False
DEBW_52210005gvh,DEBW_52210005gvh,medium,3,165000,15820.991736817004,23043.24830040969,2554.892768961405,335.5,4.2,residential,52.06,335.5,1048.4,0.6872387211269168,2.57,0.1833227692090992,DEBW_52210005gvh,2.178649237472767,EFH,residential,EFH,23043.24830040969,335.5,1048.4,52.06,0.6872387211269168,2.57,0.1833227692090992,0.15517138599105812,False
DEBW_52210005gwl,DEBW_52210005gwl,medium,3,165000,7455.176717965836,6872.858365811235,1524.5010973101955,53.1,4.2,residential,25.97,53.1,166.0,0.6919907138711551,2.57,0.2700426328376832,DEBW_52210005gwl,1.1210762331838564,RH,residential,RH,6872.858365811235,53.1,166.0,25.97,0.6919907138711551,2.57,0.2700426328376832,0.48907721280602634,True
DEBW_52210005gxN,DEBW_52210005gxN,medium,3,165000,13489.396051290012,14317.62307637866,2656.445139597909,194.3,4.2,residential,50.440000000000005,194.3,607.3,0.6757451935950302,2.57,0.3054008234439332,DEBW_52210005gxN,2.1929824561403506,RH,residential,RH,14317.62307637866,194.3,607.3,50.440000000000005,0.6757451935950302,2.57,0.3054008234439332,0.25959855892949046,False
DEBW_52210005hG5,DEBW_52210005hG5,medium,3,165000,16910.01475051923,23934.41593086672,2751.086694169122,324.7,4.2,residential,61.88,324.7,1014.7,0.6887008727230128,2.5700000000000003,0.2188737973967175,DEBW_52210005hG5,2.1881838074398248,MFH,residential,MFH,23934.41593086672,324.7,1014.7,61.88,0.6887008727230128,2.5700000000000003,0.2188737973967175,0.19057591623036652,False
DEBW_52210005hJf,DEBW_52210005hJf,medium,3,165000,18633.188481871413,22246.8611538984,2989.975226388154,181.4,4.2,residential,67.53999999999999,181.4,566.8,0.7299031394222552,2.57,0.2042210933720367,DEBW_52210005hJf,1.3020833333333333,MFH,residential,MFH,22246.8611538984,181.4,566.8,67.53999999999999,0.7299031394222552,2.57,0.2042210933720367,0.37232635060639463,False
DEBW_52210005jPg,DEBW_52210005jPg,medium,3,165000,22600.44365406613,28892.883132641386,3626.4290649362206,333.6,4.2,residential,81.27,333.6,1042.4,0.7217208779894229,2.5699999999999994,0.2068307332094775,DEBW_52210005jPg,1.7825311942959,MFH,residential,MFH,28892.883132641386,333.6,1042.4,81.27,0.7217208779894229,2.5699999999999994,0.2068307332094775,0.24361510791366903,False
DEBW_52210005k39,DEBW_52210005k39,medium,3,165000,26983.745667510542,32460.06332658884,5199.683173732089,525.2,4.2,residential,88.31,525.2,1641.4,0.6874079003952245,2.57,0.2193710254372019,DEBW_52210005k39,2.2831050228310503,MFH,residential,MFH,32460.06332658884,525.2,1641.4,88.31,0.6874079003952245,2.57,0.2193710254372019,0.16814546839299313,False
DEBW_52210005k3y,DEBW_52210005k3y,medium,3,165000,20318.043718611814,25953.633011502607,3366.407442006911,326.4,4.2,residential,71.42999999999999,326.4,1019.9,0.7032870322380015,2.5700000000000003,0.2131793356612051,DEBW_52210005k3y,1.9841269841269842,MFH,residential,MFH,25953.633011502607,326.4,1019.9,71.42999999999999,0.7032870322380015,2.5700000000000003,0.2131793356612051,0.21884191176470588,False
DEBW_52210005xLD,DEBW_52210005xLD,medium,3,165000,21678.876112811853,26496.301243991653,3554.5800947421285,317.3,4.2,residential,77.39,317.3,991.4,0.7258916299995056,2.57,0.2054747238742566,DEBW_52210005xLD,1.858736059479554,MFH,residential,MFH,26496.301243991653,317.3,991.4,77.39,0.7258916299995056,2.57,0.2054747238742566,0.24390167034352347,False
DEBW_52210005xM5,DEBW_52210005xM5,medium,3,165000,25937.56650239412,31791.9079485503,4283.302701132101,380.5,4.2,residential,92.05,380.5,1189.0,0.7171049823524583,2.57,0.2083380485707172,DEBW_52210005xM5,1.7953321364452421,MFH,residential,MFH,31791.9079485503,380.5,1189.0,92.05,0.7171049823524583,2.57,0.2083380485707172,0.2419185282522996,False
DEBW_52210005xO2,DEBW_52210005xO2,medium,3,165000,13529.10836856468,18603.708913525305,2099.5639508432087,223.3,4.2,residential,45.24000000000001,223.3,697.7,0.7071089031755308,2.5699999999999994,0.1749419953596288,DEBW_52210005xO2,1.6155088852988693,EFH,residential,EFH,18603.708913525305,223.3,697.7,45.24000000000001,0.7071089031755308,2.5699999999999994,0.1749419953596288,0.20259740259740264,False
DEBW_52210005xRe,DEBW_52210005xRe,medium,3,165000,6553.418406681778,7477.445883845322,1103.8004585793185,76.6,4.2,residential,25.69,76.6,239.3,0.6946704814522493,2.5699999999999994,0.2699947451392538,DEBW_52210005xRe,1.5360983102918586,RH,residential,RH,7477.445883845322,76.6,239.3,25.69,0.6946704814522493,2.5699999999999994,0.2699947451392538,0.33537859007832904,False
DEBW_52210005xix,DEBW_52210005xix,medium,3,165000,17207.248102681577,21465.028576358636,2704.097140962738,202.1,4.2,residential,62.17,202.1,631.4,0.7205903551904222,2.5699999999999994,0.2072057059058792,DEBW_52210005xix,1.5220700152207,MFH,residential,MFH,21465.028576358636,202.1,631.4,62.17,0.7205903551904222,2.5699999999999994,0.2072057059058792,0.30761999010390895,False
DEBW_52210005xzK,DEBW_52210005xzK,medium,3,165000,14148.283499912468,20253.058945260083,2130.381170697774,230.0,4.2,residential,48.06,230.0,718.7,0.7070029945608994,2.57,0.1749608649750627,DEBW_52210005xzK,1.7064846416382253,EFH,residential,EFH,20253.058945260083,230.0,718.7,48.06,0.7070029945608994,2.57,0.1749608649750627,0.20895652173913046,False
DEBW_52210005y1r,DEBW_52210005y1r,medium,3,165000,25639.926644115283,33017.25015315797,3962.646151805701,356.9,4.2,residential,92.66,356.9,1115.3,0.7213312820512819,2.57,0.2069597069597069,DEBW_52210005y1r,1.7825311942959,MFH,residential,MFH,33017.25015315797,356.9,1115.3,92.66,0.7213312820512819,2.57,0.2069597069597069,0.2596245446903895,False
DEBW_52210005y86,DEBW_52210005y86,medium,3,165000,20934.17070288029,25556.291645446086,3378.6010193824263,283.8,4.2,residential,75.08,283.8,886.7,0.7107559966089861,2.57,0.2105558359975321,DEBW_52210005y86,1.5797788309636651,MFH,residential,MFH,25556.291645446086,283.8,886.7,75.08,0.7107559966089861,2.57,0.2105558359975321,0.26455250176180406,False
DEBW_52210005yG0,DEBW_52210005yG0,medium,3,165000,28415.90044563682,36436.41533577298,4429.812261817599,423.5,4.2,residential,102.5,423.5,1323.5,0.7219322210055493,2.5700000000000003,0.2067616089078952,DEBW_52210005yG0,1.8975332068311195,MFH,residential,MFH,36436.41533577298,423.5,1323.5,102.5,0.7219322210055493,2.5700000000000003,0.2067616089078952,0.24203069657615112,False
DEBW_52210005yIg,DEBW_52210005yIg,medium,3,165000,16768.529353380207,23418.186288058543,2798.736822615198,309.5,4.2,residential,60.85,309.5,967.1,0.6862553772213489,2.5699999999999994,0.2198417572889194,DEBW_52210005yIg,2.150537634408602,MFH,residential,MFH,23418.186288058543,309.5,967.1,60.85,0.6862553772213489,2.5699999999999994,0.2198417572889194,0.19660743134087239,False
DEBW_52210005yi4,DEBW_52210005yi4,medium,3,165000,7712.561685026061,10068.018652850084,1497.0708625480113,136.3,4.2,residential,26.44,136.3,426.0,0.676313240043057,2.57,0.2241247774858015,DEBW_52210005yi4,2.127659574468085,MFH,residential,MFH,10068.018652850084,136.3,426.0,26.44,0.676313240043057,2.57,0.2241247774858015,0.19398385913426264,False
DEBW_52210005yjZ,DEBW_52210005yjZ,medium,3,165000,26955.928096568103,33215.793254970034,4591.61800855568,423.5,4.2,residential,93.53,423.5,1323.4,0.6982413976064612,2.57,0.2151202907217443,DEBW_52210005yjZ,1.968503937007874,MFH,residential,MFH,33215.793254970034,423.5,1323.4,93.53,0.6982413976064612,2.57,0.2151202907217443,0.2208500590318772,False
DEBW_52210005ylp,DEBW_52210005ylp,medium,3,165000,18998.381738112108,26831.36805736302,3189.7646404105803,386.7,4.2,residential,69.61999999999999,386.7,1208.5,0.6886441119063109,2.5700000000000003,0.2188757545271629,DEBW_52210005ylp,2.331002331002331,MFH,residential,MFH,26831.36805736302,386.7,1208.5,69.61999999999999,0.6886441119063109,2.5700000000000003,0.2188757545271629,0.18003620377553659,False
DEBW_52210005ynV,DEBW_52210005ynV,medium,3,165000,7915.426811572833,6569.056201203916,1833.5525677662904,84.6,4.2,residential,26.22,84.6,189.3,0.6573899773555183,2.5700000000000003,0.3122915674130538,DEBW_52210005ynV,1.2254901960784315,RH,residential,RH,6569.056201203916,84.6,189.3,26.22,0.6573899773555183,2.5700000000000003,0.3122915674130538,0.3099290780141844,False
DEBW_52210005yqw,DEBW_52210005yqw,medium,3,165000,28192.088818386743,34151.77981611931,4734.786073081096,419.1,4.2,residential,99.48,419.1,1309.8,0.7098376184032477,2.57,0.210887814805393,DEBW_52210005yqw,1.8416206261510129,MFH,residential,MFH,34151.77981611931,419.1,1309.8,99.48,0.7098376184032477,2.57,0.210887814805393,0.23736578382247672,False
DEBW_52210005yrw,DEBW_52210005yrw,medium,3,165000,35521.60509769827,45627.52604867404,5863.498487248178,605.2,4.2,residential,123.45,605.2,1891.1,0.6945325594480144,2.57,0.2165409577267146,DEBW_52210005yrw,2.1141649048625792,MFH,residential,MFH,45627.52604867404,605.2,1891.1,123.45,0.6945325594480144,2.57,0.2165409577267146,0.20398215465961664,False
DEBW_52210005zVK,DEBW_52210005zVK,medium,3,165000,20846.10750001508,20565.14403484466,4249.995803800443,299.3,4.2,residential,79.94,299.3,753.5,0.7194128180258152,2.5700000000000003,0.2918689985030486,DEBW_52210005zVK,1.7513134851138354,RH,residential,RH,20565.14403484466,299.3,753.5,79.94,0.7194128180258152,2.5700000000000003,0.2918689985030486,0.2670898763782158,False
DEBW_52210005zd7,DEBW_52210005zd7,medium,3,165000,17737.67711805773,21566.81595970099,3341.5367594990207,338.7,4.2,residential,59.580000000000005,338.7,1058.5,0.6943724696356274,2.5699999999999994,0.2165994110590031,DEBW_52210005zd7,2.3866348448687353,MFH,residential,MFH,21566.81595970099,338.7,1058.5,59.580000000000005,0.6943724696356274,2.5699999999999994,0.2165994110590031,0.17590788308237382,False
DEBW_52210005zmV,DEBW_52210005zmV,medium,3,165000,25640.966878771495,34287.5055495088,4996.901196029981,641.1,4.2,residential,83.85999999999999,641.1,1555.8,0.7180438627520339,2.5700000000000003,0.1707908189242581,DEBW_52210005zmV,1.8867924528301885,EFH,residential,EFH,34287.5055495088,641.1,1555.8,83.85999999999999,0.7180438627520339,2.5700000000000003,0.1707908189242581,0.13080642645453125,False
DEBW_522100060Iy,DEBW_522100060Iy,medium,3,165000,23936.88230154787,29830.94820870356,4082.504292274241,385.1,4.2,residential,85.25,385.1,1203.5,0.718032310321106,2.57,0.2080587689754478,DEBW_522100060Iy,1.976284584980237,MFH,residential,MFH,29830.94820870356,385.1,1203.5,85.25,0.718032310321106,2.57,0.2080587689754478,0.2213710724487146,False
DEBW_522100060Oq,DEBW_522100060Oq,medium,3,165000,14895.611736992169,21166.69643086208,2365.448239663042,294.6,4.2,residential,50.4,294.6,920.8,0.7007328385899814,2.57,0.1775398055516415,DEBW_522100060Oq,1.968503937007874,EFH,residential,EFH,21166.69643086208,294.6,920.8,50.4,0.7007328385899814,2.57,0.1775398055516415,0.17107942973523418,False
DEBW_522100060XU,DEBW_522100060XU,medium,3,165000,12522.407143139517,17305.66828624703,1840.0148656677068,169.3,4.2,residential,42.87,169.3,529.0,0.6976495566803682,2.5700000000000003,0.1787441627751834,DEBW_522100060XU,1.451378809869376,EFH,residential,EFH,17305.66828624703,169.3,529.0,42.87,0.6976495566803682,2.5700000000000003,0.1787441627751834,0.2532191376255168,False
DEBW_522100060Xf,DEBW_522100060Xf,medium,3,165000,28341.12941605688,34766.86697316178,4990.380152761311,482.1,4.2,residential,97.59,482.1,1506.6,0.6963185574755824,2.5699999999999994,0.2158784232181569,DEBW_522100060Xf,2.0366598778004072,MFH,residential,MFH,34766.86697316178,482.1,1506.6,97.59,0.6963185574755824,2.5699999999999994,0.2158784232181569,0.20242688238954573,False
DEBW_522100060Xq,DEBW_522100060Xq,medium,3,165000,12793.400114314292,18303.635957538278,1789.484262475282,167.8,4.2,residential,44.51,167.8,524.4,0.7115016069712734,2.57,0.1732513331516873,DEBW_522100060Xq,1.4064697609001406,EFH,residential,EFH,18303.635957538278,167.8,524.4,44.51,0.7115016069712734,2.57,0.1732513331516873,0.26525625744934445,False
DEBW_522100060vu,DEBW_522100060vu,medium,3,165000,16600.958201040346,20977.65532925467,2864.7563511378794,297.7,4.2,residential,58.26,297.7,930.4,0.7057855114995695,2.5700000000000003,0.2123177842565597,DEBW_522100060vu,2.127659574468085,MFH,residential,MFH,20977.65532925467,297.7,930.4,58.26,0.7057855114995695,2.5700000000000003,0.2123177842565597,0.19570036949949612,False
DEBW_5221000619W,DEBW_5221000619W,medium,3,165000,16336.898759811147,21850.4618351936,2858.312085087915,304.2,4.2,residential,58.17999999999999,304.2,950.7,0.6621237323122028,2.5699999999999994,0.2307265228426396,DEBW_5221000619W,2.109704641350211,MFH,residential,MFH,21850.4618351936,304.2,950.7,58.17999999999999,0.6621237323122028,2.5699999999999994,0.2307265228426396,0.1912557527942143,False
DEBW_5221000629z,DEBW_5221000629z,medium,3,165000,12183.940818475548,13688.696893202889,2380.256049432405,77.5,4.2,residential,35.07,77.5,350.7,0.6372361176655655,2.57,0.2102391942929081,DEBW_5221000629z,1.148105625717566,EFH,residential,EFH,13688.696893202889,77.5,350.7,35.07,0.6372361176655655,2.57,0.2102391942929081,0.4525161290322581,True
DEBW_522100063eT,DEBW_522100063eT,medium,3,165000,71462.38459352538,134594.42298326964,13051.018761590409,3143.4,4.2,residential,290.53000000000003,3143.4,8185.4,0.699216444002797,2.57,0.1800039652544578,DEBW_522100063eT,2.949852507374631,MFH,residential,MFH,134594.42298326964,3143.4,8185.4,290.53000000000003,0.699216444002797,2.57,0.1800039652544578,0.0924253992492206,True
DEBW_5221000647b,DEBW_5221000647b,medium,3,165000,22576.548909116173,27395.09841532962,3916.443902607512,334.4,4.2,residential,75.96,334.4,1044.9,0.716542093231289,2.57,0.2085380919698009,DEBW_5221000647b,1.9607843137254901,MFH,residential,MFH,27395.09841532962,334.4,1044.9,75.96,0.716542093231289,2.57,0.2085380919698009,0.22715311004784688,False
DEBW_522100064GG,DEBW_522100064GG,medium,3,165000,26260.041981186885,32006.83763216889,4289.350026007021,350.2,4.2,residential,93.18,350.2,1094.3,0.7242297056473912,2.57,0.206022817723534,DEBW_522100064GG,1.733102253032929,MFH,residential,MFH,32006.83763216889,350.2,1094.3,93.18,0.7242297056473912,2.57,0.206022817723534,0.2660765276984581,False
DEBW_52210006GkA,DEBW_52210006GkA,medium,3,165000,22062.182137326578,27858.090859692773,3713.4591295952832,360.6,4.2,residential,78.03000000000002,360.6,1126.7,0.7066339986169731,2.5699999999999994,0.2120034776938542,DEBW_52210006GkA,1.9083969465648853,MFH,residential,MFH,27858.090859692773,360.6,1126.7,78.03000000000002,0.7066339986169731,2.5699999999999994,0.2120034776938542,0.21638935108153082,False
DEBW_52210006HCZ,DEBW_52210006HCZ,medium,3,165000,31266.526481146724,41030.76462351416,5180.61156224644,550.0,4.2,residential,108.92,550.0,1718.8,0.6977571669477236,2.57,0.2153122343685136,DEBW_52210006HCZ,2.1691973969631237,MFH,residential,MFH,41030.76462351416,550.0,1718.8,108.92,0.6977571669477236,2.57,0.2153122343685136,0.19803636363636365,False
DEBW_52210006HXy,DEBW_52210006HXy,medium,3,165000,15658.76844493969,18480.732588879047,2819.381829312852,192.3,4.2,residential,46.97999999999999,192.3,600.8,0.65424856870229,2.5700000000000007,0.199923400995787,DEBW_52210006HXy,1.41643059490085,EFH,residential,EFH,18480.732588879047,192.3,600.8,46.97999999999999,0.65424856870229,2.5700000000000007,0.199923400995787,0.24430577223088917,False
DEBW_52210006Hkl,DEBW_52210006Hkl,medium,3,165000,16872.44241933145,24785.061983047464,2528.8157021423244,316.7,4.2,residential,57.05,316.7,989.8,0.7187507477826618,2.5700000000000003,0.1705071879016109,DEBW_52210006Hkl,1.9723865877712032,EFH,residential,EFH,24785.061983047464,316.7,989.8,57.05,0.7187507477826618,2.5700000000000003,0.1705071879016109,0.1801389327439217,False
DEBW_52210006Hwg,DEBW_52210006Hwg,medium,3,165000,49970.062718442845,45625.16624933604,11232.258985942426,851.2,4.2,residential,179.73999999999998,851.2,2105.4,0.6970414883368342,2.5700000000000003,0.2983434584868705,DEBW_52210006Hwg,2.0120724346076457,RH,residential,RH,45625.16624933604,851.2,2105.4,179.73999999999998,0.6970414883368342,2.5700000000000003,0.2983434584868705,0.21116071428571426,False
DEBW_52210006I2P,DEBW_52210006I2P,medium,3,165000,22695.6316511368,28191.14098581488,3647.4206985557626,311.4,4.2,residential,80.59,311.4,973.1,0.6959061470287468,2.5699999999999994,0.2159894939965694,DEBW_52210006I2P,1.7241379310344829,MFH,residential,MFH,28191.14098581488,311.4,973.1,80.59,0.6959061470287468,2.5699999999999994,0.2159894939965694,0.25879897238278743,False
DEBW_52210006I2R,DEBW_52210006I2R,medium,3,165000,34873.5700876495,45521.02372660259,5616.688559753425,581.3,4.2,residential,122.58,581.3,1816.4,0.7069076579654686,2.57,0.2119074784773363,DEBW_52210006I2R,2.092050209205021,MFH,residential,MFH,45521.02372660259,581.3,1816.4,122.58,0.7069076579654686,2.57,0.2119074784773363,0.21087218303801825,False
DEBW_52210006Id7,DEBW_52210006Id7,medium,3,165000,20738.92041899255,26366.193621693717,3072.5793117374496,239.4,4.2,residential,76.6,239.4,748.1,0.7300150746193658,2.57,0.2041958787620291,DEBW_52210006Id7,1.4992503748125936,MFH,residential,MFH,26366.193621693717,239.4,748.1,76.6,0.7300150746193658,2.57,0.2041958787620291,0.31996658312447784,False
DEBW_52210006IeR,DEBW_52210006IeR,medium,3,165000,13568.557341687236,16645.40177212136,2138.149374341481,136.9,4.2,residential,49.56,136.9,428.0,0.7390844765910609,2.57,0.2013570064600008,DEBW_52210006IeR,1.3513513513513513,MFH,residential,MFH,16645.40177212136,136.9,428.0,49.56,0.7390844765910609,2.57,0.2013570064600008,0.36201607012417825,False
DEBW_52210006InL,DEBW_52210006InL,medium,3,165000,21635.69425247529,26794.04810639421,3394.064755918652,246.9,4.2,residential,77.77999999999999,246.9,771.5,0.7414272786687446,2.57,0.2007174008412685,DEBW_52210006InL,1.524390243902439,MFH,residential,MFH,26794.04810639421,246.9,771.5,77.77999999999999,0.7414272786687446,2.57,0.2007174008412685,0.3150263264479546,False
DEBW_52210006Iok,DEBW_52210006Iok,medium,3,165000,16701.638668265605,22143.700497149777,2668.6507558540934,246.1,4.2,residential,54.54,246.1,769.0,0.6964638539748618,2.57,0.179307624026038,DEBW_52210006Iok,1.6233766233766234,EFH,residential,EFH,22143.700497149777,246.1,769.0,54.54,0.6964638539748618,2.57,0.179307624026038,0.22161722876879317,False
DEBW_52210006Isp,DEBW_52210006Isp,medium,3,165000,19626.98868462319,23681.91458943237,3137.9389067670827,212.9,4.2,residential,70.16000000000001,212.9,665.2,0.7112963852848524,2.57,0.2103243599736195,DEBW_52210006Isp,1.4144271570014144,MFH,residential,MFH,23681.91458943237,212.9,665.2,70.16000000000001,0.7112963852848524,2.57,0.2103243599736195,0.32954438703616723,False
DEBW_52210006IxM,DEBW_52210006IxM,medium,3,165000,64618.068510333294,83864.20660931859,12064.639611374394,1406.2,4.2,residential,217.87,1406.2,4394.4,0.7154670963336748,2.5700000000000003,0.2185211931556036,DEBW_52210006IxM,2.680965147453083,GMH,residential,GMH,83864.20660931859,1406.2,4394.4,217.87,0.7154670963336748,2.5700000000000003,0.2185211931556036,0.15493528658796757,True
DEBW_52210006J1X,DEBW_52210006J1X,medium,3,165000,15800.030049770505,14874.460615174632,3257.7592450666025,211.3,4.2,residential,53.95,211.3,660.2,0.6750942170240416,2.5700000000000003,0.3055964653902798,DEBW_52210006J1X,2.242152466367713,RH,residential,RH,14874.460615174632,211.3,660.2,53.95,0.6750942170240416,2.5700000000000003,0.3055964653902798,0.25532418362517745,False
DEBW_52210006J9b,DEBW_52210006J9b,medium,3,165000,37794.67452229868,46626.17361168862,6494.142866875113,615.6,4.2,residential,130.58,615.6,1923.8,0.7121578909561095,2.569999999999999,0.210080924111524,DEBW_52210006J9b,2.061855670103093,MFH,residential,MFH,46626.17361168862,615.6,1923.8,130.58,0.7121578909561095,2.569999999999999,0.210080924111524,0.2121182586094867,False
DEBW_52210006JsB,DEBW_52210006JsB,medium,3,165000,25638.696213539257,33366.60790266013,4081.354833699594,434.9,4.2,residential,92.3,434.9,1359.2,0.7012682311986076,2.5699999999999994,0.2140190599856238,DEBW_52210006JsB,1.976284584980237,MFH,residential,MFH,33366.60790266013,434.9,1359.2,92.3,0.7012682311986076,2.5699999999999994,0.2140190599856238,0.21223269717176363,False
DEBW_52210006KHx,DEBW_52210006KHx,medium,3,165000,26945.057715291183,32998.995630844554,4386.552536376863,399.6,4.2,residential,96.35,399.6,1248.6,0.7114569922794187,2.5700000000000003,0.2102931226400681,DEBW_52210006KHx,1.8416206261510129,MFH,residential,MFH,32998.995630844554,399.6,1248.6,96.35,0.7114569922794187,2.5700000000000003,0.2102931226400681,0.24111611611611608,False
DEBW_52210006KZK,DEBW_52210006KZK,medium,3,165000,17700.247229298042,21706.619756122964,2787.134722606948,207.8,4.2,residential,63.72,207.8,649.4,0.6862634621924951,2.5700000000000003,0.219898540221555,DEBW_52210006KZK,1.4705882352941175,MFH,residential,MFH,21706.619756122964,207.8,649.4,63.72,0.6862634621924951,2.5700000000000003,0.219898540221555,0.3066410009624639,False
DEBW_52210006KbP,DEBW_52210006KbP,medium,3,165000,20758.505257117584,25516.18047634904,3318.3609238365143,285.1,4.2,residential,74.84,285.1,890.8,0.7200316816626536,2.57,0.2073589715172337,DEBW_52210006KbP,1.6260162601626016,MFH,residential,MFH,25516.18047634904,285.1,890.8,74.84,0.7200316816626536,2.57,0.2073589715172337,0.262504384426517,False
DEBW_52210006KcE,DEBW_52210006KcE,medium,3,165000,23293.365213897963,29867.23009576645,3941.245403361901,399.2,4.2,residential,78.95,399.2,1247.5,0.6917935296423547,2.5699999999999994,0.2176250068912288,DEBW_52210006KcE,1.9920318725099602,MFH,residential,MFH,29867.23009576645,399.2,1247.5,78.95,0.6917935296423547,2.5699999999999994,0.2176250068912288,0.19777054108216435,False
DEBW_52210006Krt,DEBW_52210006Krt,medium,3,165000,14455.258252183135,14091.199924921866,2876.5534651157827,166.7,4.2,residential,53.13,166.7,521.1,0.6470367915147497,2.5700000000000003,0.3167779632721201,DEBW_52210006Krt,1.589825119236884,RH,residential,RH,14091.199924921866,166.7,521.1,53.13,0.6470367915147497,2.5700000000000003,0.3167779632721201,0.3187162567486503,False
DEBW_52210006NMW,DEBW_52210006NMW,medium,3,165000,23440.517322969143,28434.025840554576,3844.188620601627,328.3,4.2,residential,83.72,328.3,1026.0,0.7151922687487343,2.57,0.2089917371876482,DEBW_52210006NMW,1.658374792703151,MFH,residential,MFH,28434.025840554576,328.3,1026.0,83.72,0.7151922687487343,2.57,0.2089917371876482,0.2550106609808102,False
DEBW_52210006NNm,DEBW_52210006NNm,medium,3,165000,16806.09667035256,17785.271024814727,3505.660751479953,273.0,4.2,residential,57.81,273.0,853.3,0.6367598475222362,2.5700000000000003,0.3214345287739783,DEBW_52210006NNm,2.178649237472767,RH,residential,RH,17785.271024814727,273.0,853.3,57.81,0.6367598475222362,2.5700000000000003,0.3214345287739783,0.21175824175824176,False
DEBW_5221Us0004K,DEBW_5221Us0004K,medium,3,165000,28382.322992626632,28220.41120040296,5374.033197112679,298.1,4.2,residential,106.33,298.1,931.6,0.7045770995682749,2.5699999999999994,0.2960683855877931,DEBW_5221Us0004K,1.838235294117647,RH,residential,RH,28220.41120040296,298.1,931.6,106.33,0.7045770995682749,2.5699999999999994,0.2960683855877931,0.3566923851056692,False
DEBW_522Ue00002q,DEBW_522Ue00002q,medium,3,165000,21131.637210601555,25230.55600537378,3395.867155244047,238.4,4.2,residential,74.96,238.4,744.9,0.7093131806514318,2.5700000000000003,0.2110598040319856,DEBW_522Ue00002q,1.4705882352941175,MFH,residential,MFH,25230.55600537378,238.4,744.9,74.96,0.7093131806514318,2.5700000000000003,0.2110598040319856,0.31442953020134223,False
