Building ID;Primary Usage;Secondary Usage;Other Usages;Air change rate [vol/h];Building Parent ID
DEBW_52210005z9L;UsageZoneName [name=shed];No usage;No other usages;0,30;DEBW_52210005z9L
DEBW_52210006IfS;UsageZoneName [name=shed];No usage;No other usages;0,30;DEBW_52210006IfS
DEBW_52210006Hrk;UsageZoneName [name=garage];No usage;No other usages;0,30;DEBW_52210006Hrk
DEBW_52210004zeG;UsageZoneName [name=garage];No usage;No other usages;0,30;DEBW_52210004zeG
DEBW_52210004esI;UsageZoneName [name=garage];No usage;No other usages;0,30;DEBW_52210004esI
DEBW_52210005yOM;UsageZoneName [name=garage];No usage;No other usages;0,30;DEBW_52210005yOM
DEBW_52210004dsq;UsageZoneName [name=garage];No usage;No other usages;0,30;DEBW_52210004dsq
DEBW_522100051QS;UsageZoneName [name=garage];No usage;No other usages;0,30;DEBW_522100051QS
DEBW_522100060Py;UsageZoneName [name=garage];No usage;No other usages;0,30;DEBW_522100060Py
DEBW_52210004hv5;UsageZoneName [name=restaurant];No usage;No other usages;4,76;DEBW_52210004hv5
DEBW_52210004G6k;UsageZoneName [name=residential];No usage;No other usages;0,39;DEBW_52210004G6k
DEBW_52210004G0z;UsageZoneName [name=garage];No usage;No other usages;0,30;DEBW_52210004G0z
DEBW_52210005zhJ;UsageZoneName [name=garage];No usage;No other usages;0,30;DEBW_52210005zhJ
DEBW_52210006KcE;UsageZoneName [name=residential];No usage;No other usages;0,46;DEBW_52210006KcE
DEBW_52210004i54;UsageZoneName [name=garage];No usage;No other usages;0,30;DEBW_52210004i54
DEBW_52210004cUm;UsageZoneName [name=residential];No usage;No other usages;0,41;DEBW_52210004cUm
DEBW_522100053KH;UsageZoneName [name=garage];No usage;No other usages;0,30;DEBW_522100053KH
DEBW_52210003xLd;UsageZoneName [name=garage];No usage;No other usages;0,30;DEBW_52210003xLd
DEBW_522100060bU;UsageZoneName [name=garage];No usage;No other usages;0,30;DEBW_522100060bU
DEBW_52210005hTR;UsageZoneName [name=garage];No usage;No other usages;0,30;DEBW_52210005hTR
DEBW_52210004dF4;UsageZoneName [name=residential];No usage;No other usages;0,39;DEBW_52210004dF4
DEBW_52210004ygz;UsageZoneName [name=garage];No usage;No other usages;0,30;DEBW_52210004ygz
DEBW_52210005MJN;UsageZoneName [name=company building];No usage;No other usages;0,52;DEBW_52210005MJN
DEBW_52210004dlz;UsageZoneName [name=garage];No usage;No other usages;0,30;DEBW_52210004dlz
DEBW_52210005JXy;UsageZoneName [name=garage];No usage;No other usages;0,30;DEBW_52210005JXy
DEBW_52210006Hka;UsageZoneName [name=garage];No usage;No other usages;0,30;DEBW_52210006Hka
DEBW_52210005gvh;UsageZoneName [name=residential];No usage;No other usages;0,43;DEBW_52210005gvh
DEBW_52210005LMR;UsageZoneName [name=building for stockpiling];No usage;No other usages;0,70;DEBW_52210005LMR
DEBW_522100054Rr;UsageZoneName [name=garage];No usage;No other usages;0,30;DEBW_522100054Rr
DEBW_52210004L07;UsageZoneName [name=garage];No usage;No other usages;0,30;DEBW_52210004L07
DEBW_52210005fu9;UsageZoneName [name=garage];No usage;No other usages;0,30;DEBW_52210005fu9
DEBW_522100060ok;UsageZoneName [name=garage];No usage;No other usages;0,30;DEBW_522100060ok
DEBW_52210003qzL;UsageZoneName [name=garage];No usage;No other usages;0,30;DEBW_52210003qzL
DEBW_52210003tF5;UsageZoneName [name=garage];No usage;No other usages;0,30;DEBW_52210003tF5
DEBW_52210003uQC;UsageZoneName [name=garage];No usage;No other usages;0,30;DEBW_52210003uQC
DEBW_52210004EqD;UsageZoneName [name=residential];No usage;No other usages;0,45;DEBW_52210004EqD
DEBW_52210004zMM;UsageZoneName [name=garage];No usage;No other usages;0,30;DEBW_52210004zMM
DEBW_52210006J8j;UsageZoneName [name=garage];No usage;No other usages;0,30;DEBW_52210006J8j
DEBW_52210004GDQ;UsageZoneName [name=residential];No usage;No other usages;0,40;DEBW_52210004GDQ
DEBW_52210005fBS;UsageZoneName [name=residential];No usage;No other usages;0,41;DEBW_52210005fBS
DEBW_52210004zEf;UsageZoneName [name=garage];No usage;No other usages;0,30;DEBW_52210004zEf
DEBW_52210006HsR;UsageZoneName [name=garage];No usage;No other usages;0,30;DEBW_52210006HsR
DEBW_52210004bsr;UsageZoneName [name=garage];No usage;No other usages;0,30;DEBW_52210004bsr
DEBW_52210005eaU;UsageZoneName [name=residential];No usage;No other usages;0,49;DEBW_52210005eaU
DEBW_52210004caM;UsageZoneName [name=residential];No usage;No other usages;0,41;DEBW_52210004caM
DEBW_52210004Elg;UsageZoneName [name=garage];No usage;No other usages;0,30;DEBW_52210004Elg
DEBW_52210003rXR;UsageZoneName [name=garage];No usage;No other usages;0,30;DEBW_52210003rXR
DEBW_52210004GNE;UsageZoneName [name=garage];No usage;No other usages;0,30;DEBW_52210004GNE
DEBW_5221000542K;UsageZoneName [name=building for stockpiling];No usage;No other usages;0,68;DEBW_5221000542K
DEBW_52210005MIF;UsageZoneName [name=garage];No usage;No other usages;0,30;DEBW_52210005MIF
DEBW_52210004ySh;UsageZoneName [name=garage];No usage;No other usages;0,30;DEBW_52210004ySh
DEBW_52210003tvP;UsageZoneName [name=garage];No usage;No other usages;0,30;DEBW_52210003tvP
DEBW_52210005g4f;UsageZoneName [name=company building];No usage;No other usages;0,55;DEBW_52210005g4f
DEBW_522100053po;UsageZoneName [name=garage];No usage;No other usages;0,30;DEBW_522100053po
DEBW_52210004Hp5;UsageZoneName [name=garage];No usage;No other usages;0,30;DEBW_52210004Hp5
DEBW_52210005L5f;UsageZoneName [name=residential];No usage;No other usages;0,57;DEBW_52210005L5f
DEBW_52210004e9B;UsageZoneName [name=garage];No usage;No other usages;0,30;DEBW_52210004e9B
DEBW_52210006IxM;UsageZoneName [name=residential];No usage;No other usages;0,40;DEBW_52210006IxM
DEBW_522100060aE;UsageZoneName [name=garage];No usage;No other usages;0,30;DEBW_522100060aE
DEBW_52210006I2R;UsageZoneName [name=residential];No usage;No other usages;0,45;DEBW_52210006I2R
DEBW_52210005fO0;UsageZoneName [name=garage];No usage;No other usages;0,30;DEBW_52210005fO0
DEBW_52210004dLm;UsageZoneName [name=garage];No usage;No other usages;0,30;DEBW_52210004dLm
DEBW_52210005gcq;UsageZoneName [name=garden house];UsageZoneName [name=leisure and recreation];No other usages;0,30;DEBW_52210005gcq
DEBW_52210005zsC;UsageZoneName [name=garage];No usage;No other usages;0,30;DEBW_52210005zsC
DEBW_52210003tQY;UsageZoneName [name=residential];No usage;No other usages;0,40;DEBW_52210003tQY
DEBW_52210003rro;UsageZoneName [name=garage];No usage;No other usages;0,30;DEBW_52210003rro
DEBW_52210003tI9;UsageZoneName [name=garage];No usage;No other usages;0,30;DEBW_52210003tI9
DEBW_52210005ypY;UsageZoneName [name=garage];No usage;No other usages;0,30;DEBW_52210005ypY
DEBW_52210006Jc3;UsageZoneName [name=garage];No usage;No other usages;0,30;DEBW_52210006Jc3
DEBW_52210004GtY;UsageZoneName [name=shed];No usage;No other usages;0,30;DEBW_52210004GtY
DEBW_5221000500F;UsageZoneName [name=garage];No usage;No other usages;0,30;DEBW_5221000500F
DEBW_52210005hn1;UsageZoneName [name=residential];No usage;No other usages;0,41;DEBW_52210005hn1
DEBW_52210004H2p;UsageZoneName [name=garage];No usage;No other usages;0,30;DEBW_52210004H2p
DEBW_52210004e9F;UsageZoneName [name=residential];No usage;No other usages;0,44;DEBW_52210004e9F
DEBW_52210004FsC;UsageZoneName [name=garage];No usage;No other usages;0,30;DEBW_52210004FsC
DEBW_52210004HDI;UsageZoneName [name=garage];No usage;No other usages;0,30;DEBW_52210004HDI
DEBW_52210004ien;UsageZoneName [name=garage];No usage;No other usages;0,30;DEBW_52210004ien
DEBW_52210005zVK;UsageZoneName [name=residential];No usage;No other usages;0,44;DEBW_52210005zVK
DEBW_522100051D8;UsageZoneName [name=shed];No usage;No other usages;0,30;DEBW_522100051D8
DEBW_522100063Wb;UsageZoneName [name=garage];No usage;No other usages;0,30;DEBW_522100063Wb
DEBW_52210005KEF;UsageZoneName [name=residential];No usage;No other usages;0,42;DEBW_52210005KEF
DEBW_52210005JKc;UsageZoneName [name=residential];No usage;No other usages;0,43;DEBW_52210005JKc
DEBW_52210005kge;UsageZoneName [name=garage];No usage;No other usages;0,30;DEBW_52210005kge
DEBW_52210005dwJ;UsageZoneName [name=garage];No usage;No other usages;0,30;DEBW_52210005dwJ
DEBW_52210003uli;UsageZoneName [name=garage];No usage;No other usages;0,30;DEBW_52210003uli
DEBW_52210003xOe;UsageZoneName [name=shed];No usage;No other usages;0,30;DEBW_52210003xOe
DEBW_52210005dKy;UsageZoneName [name=garage];No usage;No other usages;0,30;DEBW_52210005dKy
DEBW_52210004FbO;UsageZoneName [name=garage];No usage;No other usages;0,30;DEBW_52210004FbO
DEBW_52210005zo7;UsageZoneName [name=garage];No usage;No other usages;0,30;DEBW_52210005zo7
DEBW_52210004Fcy;UsageZoneName [name=garage];No usage;No other usages;0,30;DEBW_52210004Fcy
DEBW_52210004L7q;UsageZoneName [name=residential];No usage;No other usages;0,46;DEBW_52210004L7q
DEBW_52210003v7t;UsageZoneName [name=shed];No usage;No other usages;0,30;DEBW_52210003v7t
DEBW_52210004zEA;UsageZoneName [name=garage];No usage;No other usages;0,30;DEBW_52210004zEA
DEBW_52210005JLB;UsageZoneName [name=garage];No usage;No other usages;0,30;DEBW_52210005JLB
DEBW_52210006IuH;UsageZoneName [name=garage];No usage;No other usages;0,30;DEBW_52210006IuH
DEBW_52210005KyO;UsageZoneName [name=residential];No usage;No other usages;0,45;DEBW_52210005KyO
DEBW_52220000ZiV;UsageZoneName [name=garage];No usage;No other usages;0,30;DEBW_52220000ZiV
DEBW_52210006IfG;UsageZoneName [name=residential];No usage;No other usages;0,44;DEBW_52210006IfG
DEBW_52210005hAI;UsageZoneName [name=garage];No usage;No other usages;0,30;DEBW_52210005hAI
DEBW_52210003rDK;UsageZoneName [name=garage];No usage;No other usages;0,30;DEBW_52210003rDK
DEBW_52210006KOD;UsageZoneName [name=residential];No usage;No other usages;0,42;DEBW_52210006KOD
DEBW_52210003t13;UsageZoneName [name=garage];No usage;No other usages;0,30;DEBW_52210003t13
DEBW_52210006NNo;UsageZoneName [name=garage];No usage;No other usages;0,30;DEBW_52210006NNo
DEBW_52210003tdq;UsageZoneName [name=garage];No usage;No other usages;0,30;DEBW_52210003tdq
DEBW_52210004xrW;UsageZoneName [name=garage];No usage;No other usages;0,30;DEBW_52210004xrW
DEBW_52210005h0S;UsageZoneName [name=residential];No usage;No other usages;0,47;DEBW_52210005h0S
DEBW_52210005k6Z;UsageZoneName [name=garage];No usage;No other usages;0,30;DEBW_52210005k6Z
DEBW_52210006IeY;UsageZoneName [name=garage];No usage;No other usages;0,30;DEBW_52210006IeY
DEBW_52210005ylp;UsageZoneName [name=residential];No usage;No other usages;0,43;DEBW_52210005ylp
DEBW_52210003xIr;UsageZoneName [name=residential];No usage;No other usages;0,46;DEBW_52210003xIr
DEBW_52210004ceJ;UsageZoneName [name=garage];No usage;No other usages;0,30;DEBW_52210004ceJ
DEBW_52210004fgD;UsageZoneName [name=residential];No usage;No other usages;0,43;DEBW_52210004fgD
DEBW_52210003uuj;UsageZoneName [name=garage];No usage;No other usages;0,30;DEBW_52210003uuj
DEBW_52210004FYP;UsageZoneName [name=garage];No usage;No other usages;0,30;DEBW_52210004FYP
DEBW_522100060yl;UsageZoneName [name=garage];No usage;No other usages;0,30;DEBW_522100060yl
DEBW_52210004ygI;UsageZoneName [name=garage];No usage;No other usages;0,30;DEBW_52210004ygI
DEBW_52210006HzN;UsageZoneName [name=garage];No usage;No other usages;0,30;DEBW_52210006HzN
DEBW_52210003sJH;UsageZoneName [name=garage];No usage;No other usages;0,30;DEBW_52210003sJH
DEBW_52210003xWs;UsageZoneName [name=garage];No usage;No other usages;0,30;DEBW_52210003xWs
DEBW_522100060Mq;UsageZoneName [name=garage];No usage;No other usages;0,30;DEBW_522100060Mq
DEBW_52210006Hx8;UsageZoneName [name=residential];No usage;No other usages;0,40;DEBW_52210006Hx8
DEBW_52210004FeC;UsageZoneName [name=garage];No usage;No other usages;0,30;DEBW_52210004FeC
DEBW_52210004cSr;UsageZoneName [name=garage];No usage;No other usages;0,30;DEBW_52210004cSr
DEBW_52210006JRs;UsageZoneName [name=leisure and recreation];UsageZoneName [name=garden house];No other usages;0,30;DEBW_52210006JRs
DEBW_52210003rwQ;UsageZoneName [name=garage];No usage;No other usages;0,30;DEBW_52210003rwQ
DEBW_52210006HoP;UsageZoneName [name=garage];No usage;No other usages;0,30;DEBW_52210006HoP
DEBW_52210005y1r;UsageZoneName [name=residential];No usage;No other usages;0,45;DEBW_52210005y1r
DEBW_52210006MZJ;UsageZoneName [name=garage];No usage;No other usages;0,30;DEBW_52210006MZJ
DEBW_522100060GB;UsageZoneName [name=garage];No usage;No other usages;0,30;DEBW_522100060GB
DEBW_522100061M1;UsageZoneName [name=garage];No usage;No other usages;0,30;DEBW_522100061M1
DEBW_52210004dCH;UsageZoneName [name=garage];No usage;No other usages;0,30;DEBW_52210004dCH
DEBW_52210004Iq5;UsageZoneName [name=garage];No usage;No other usages;0,30;DEBW_52210004Iq5
DEBW_52210004d07;UsageZoneName [name=residential];No usage;No other usages;0,45;DEBW_52210004d07
DEBW_52210003xXe;UsageZoneName [name=residential];No usage;No other usages;0,40;DEBW_52210003xXe
DEBW_52210004FSz;UsageZoneName [name=garage];No usage;No other usages;0,30;DEBW_52210004FSz
DEBW_52210005LZh;UsageZoneName [name=residential];No usage;No other usages;0,46;DEBW_52210005LZh
DEBW_52210004dvj;UsageZoneName [name=garage];No usage;No other usages;0,30;DEBW_52210004dvj
DEBW_522100061D1;UsageZoneName [name=garage];No usage;No other usages;0,30;DEBW_522100061D1
DEBW_52210005ydi;UsageZoneName [name=garage];No usage;No other usages;0,30;DEBW_52210005ydi
DEBW_52210004zV8;UsageZoneName [name=garage];No usage;No other usages;0,30;DEBW_52210004zV8
DEBW_52210004cEz;UsageZoneName [name=garage];No usage;No other usages;0,30;DEBW_52210004cEz
DEBW_52210004H8O;UsageZoneName [name=garage];No usage;No other usages;0,30;DEBW_52210004H8O
DEBW_52210005dir;UsageZoneName [name=residential];No usage;No other usages;0,46;DEBW_52210005dir
DEBW_52210005MB5;UsageZoneName [name=garage];No usage;No other usages;0,30;DEBW_52210005MB5
DEBW_52210005MTP;UsageZoneName [name=garage];No usage;No other usages;0,30;DEBW_52210005MTP
DEBW_52210004zFJ;UsageZoneName [name=shed];No usage;No other usages;0,30;DEBW_52210004zFJ
DEBW_52210006I2P;UsageZoneName [name=residential];No usage;No other usages;0,43;DEBW_52210006I2P
DEBW_52210004GwY;UsageZoneName [name=garage];No usage;No other usages;0,30;DEBW_52210004GwY
DEBW_52210005gII;UsageZoneName [name=garage];No usage;No other usages;0,30;DEBW_52210005gII
DEBW_52210004xpD;UsageZoneName [name=garage];No usage;No other usages;0,30;DEBW_52210004xpD
DEBW_5221000518C;UsageZoneName [name=residential];No usage;No other usages;0,42;DEBW_5221000518C
DEBW_52210006IWU;UsageZoneName [name=garage];No usage;No other usages;0,30;DEBW_52210006IWU
DEBW_52210004xqq;UsageZoneName [name=residential];No usage;No other usages;0,40;DEBW_52210004xqq
DEBW_52210005dmE;UsageZoneName [name=garden house];UsageZoneName [name=leisure and recreation];No other usages;0,30;DEBW_52210005dmE
DEBW_52210004dFS;UsageZoneName [name=garage];No usage;No other usages;0,30;DEBW_52210004dFS
DEBW_522100050A3;UsageZoneName [name=shed];No usage;No other usages;0,30;DEBW_522100050A3
DEBW_52210004KwN;UsageZoneName [name=residential];No usage;No other usages;0,45;DEBW_52210004KwN
DEBW_52210004xqb;UsageZoneName [name=residential];No usage;No other usages;0,43;DEBW_52210004xqb
DEBW_52210005zEA;UsageZoneName [name=garage];No usage;No other usages;0,30;DEBW_52210005zEA
DEBW_52210005xgH;UsageZoneName [name=residential];UsageZoneName [name=commercial];No other usages;0,48;DEBW_52210005xgH
DEBW_52210004evV;UsageZoneName [name=residential];No usage;No other usages;0,40;DEBW_52210004evV
DEBW_52210006KHx;UsageZoneName [name=residential];No usage;No other usages;0,39;DEBW_52210006KHx
DEBW_52210005Jqz;UsageZoneName [name=residential];No usage;No other usages;0,44;DEBW_52210005Jqz
DEBW_52210004Ihn;UsageZoneName [name=residential];No usage;No other usages;0,45;DEBW_52210004Ihn
DEBW_52210005L4M;UsageZoneName [name=residential];No usage;No other usages;0,43;DEBW_52210005L4M
DEBW_52210005MLw;UsageZoneName [name=garage];No usage;No other usages;0,30;DEBW_52210005MLw
DEBW_522100060Xq;UsageZoneName [name=residential];No usage;No other usages;0,46;DEBW_522100060Xq
DEBW_52210006Iun;UsageZoneName [name=shed];No usage;No other usages;0,30;DEBW_52210006Iun
DEBW_52210005MTF;UsageZoneName [name=garage];No usage;No other usages;0,30;DEBW_52210005MTF
DEBW_52210005fnv;UsageZoneName [name=garage];No usage;No other usages;0,30;DEBW_52210005fnv
DEBW_52210006I25;UsageZoneName [name=shed];No usage;No other usages;0,30;DEBW_52210006I25
DEBW_52210005xLD;UsageZoneName [name=residential];No usage;No other usages;0,39;DEBW_52210005xLD
DEBW_52210005zVx;UsageZoneName [name=stable];No usage;No other usages;0,30;DEBW_52210005zVx
DEBW_52210005KWM;UsageZoneName [name=garage];No usage;No other usages;0,30;DEBW_52210005KWM
DEBW_52210004FpB;UsageZoneName [name=garage];No usage;No other usages;0,30;DEBW_52210004FpB
DEBW_52210004H1y;UsageZoneName [name=garage];No usage;No other usages;0,30;DEBW_52210004H1y
DEBW_52210005z2g;UsageZoneName [name=garage];No usage;No other usages;0,30;DEBW_52210005z2g
DEBW_52210005fzd;UsageZoneName [name=residential];No usage;No other usages;0,43;DEBW_52210005fzd
DEBW_52210004G9h;UsageZoneName [name=transducer, converter];No usage;No other usages;0,47;DEBW_52210004G9h
DEBW_52210004GuN;UsageZoneName [name=garage];No usage;No other usages;0,30;DEBW_52210004GuN
DEBW_52210006Isp;UsageZoneName [name=residential];No usage;No other usages;0,44;DEBW_52210006Isp
DEBW_52210004hn6;UsageZoneName [name=energy supply building];No usage;No other usages;0,47;DEBW_52210004hn6
DEBW_52210004HcC;UsageZoneName [name=shed];No usage;No other usages;0,30;DEBW_52210004HcC
DEBW_52210004zaT;UsageZoneName [name=garage];No usage;No other usages;0,30;DEBW_52210004zaT
DEBW_52210005kNW;UsageZoneName [name=garage];No usage;No other usages;0,30;DEBW_52210005kNW
DEBW_52210003qta;UsageZoneName [name=residential];No usage;No other usages;0,42;DEBW_52210003qta
DEBW_52210005Maf;UsageZoneName [name=garage];No usage;No other usages;0,30;DEBW_52210005Maf
DEBW_52210004zE4;UsageZoneName [name=residential];No usage;No other usages;0,41;DEBW_52210004zE4
DEBW_52210003rdZ;UsageZoneName [name=garage];No usage;No other usages;0,30;DEBW_52210003rdZ
DEBW_52210006NQX;UsageZoneName [name=residential];No usage;No other usages;0,39;DEBW_52210006NQX
DEBW_52210004Hls;UsageZoneName [name=residential];No usage;No other usages;0,39;DEBW_52210004Hls
DEBW_52210006IZ8;UsageZoneName [name=garage];No usage;No other usages;0,30;DEBW_52210006IZ8
DEBW_52210006J1X;UsageZoneName [name=residential];No usage;No other usages;0,43;DEBW_52210006J1X
DEBW_52210005y3C;UsageZoneName [name=garden house];UsageZoneName [name=leisure and recreation];No other usages;0,30;DEBW_52210005y3C
DEBW_52210004z8O;UsageZoneName [name=garage];No usage;No other usages;0,30;DEBW_52210004z8O
DEBW_5221000647b;UsageZoneName [name=residential];No usage;No other usages;0,44;DEBW_5221000647b
DEBW_52210003rKP;UsageZoneName [name=residential];No usage;No other usages;0,46;DEBW_52210003rKP
DEBW_52210006I3B;UsageZoneName [name=shed];No usage;No other usages;0,30;DEBW_52210006I3B
DEBW_52210006MeB;UsageZoneName [name=garage];No usage;No other usages;0,30;DEBW_52210006MeB
DEBW_52210006InL;UsageZoneName [name=residential];No usage;No other usages;0,46;DEBW_52210006InL
DEBW_52210006JwL;UsageZoneName [name=garage];No usage;No other usages;0,30;DEBW_52210006JwL
DEBW_52210006Ims;UsageZoneName [name=garage];No usage;No other usages;0,30;DEBW_52210006Ims
DEBW_52210006NMW;UsageZoneName [name=residential];No usage;No other usages;0,39;DEBW_52210006NMW
DEBW_52210006Iok;UsageZoneName [name=residential];No usage;No other usages;0,41;DEBW_52210006Iok
DEBW_52210006NDa;UsageZoneName [name=garage];No usage;No other usages;0,30;DEBW_52210006NDa
DEBW_52210005JAJ;UsageZoneName [name=garage];No usage;No other usages;0,30;DEBW_52210005JAJ
DEBW_5221000507n;UsageZoneName [name=residential];UsageZoneName [name=commercial];No other usages;0,50;DEBW_5221000507n
DEBW_52210006NG6;UsageZoneName [name=garage];No usage;No other usages;0,30;DEBW_52210006NG6
DEBW_522100060ZI;UsageZoneName [name=garage];No usage;No other usages;0,30;DEBW_522100060ZI
DEBW_52210005LpL;UsageZoneName [name=residential];No usage;No other usages;0,43;DEBW_52210005LpL
DEBW_52210006Ibs;UsageZoneName [name=shed];No usage;No other usages;0,30;DEBW_52210006Ibs
DEBW_52210005xix;UsageZoneName [name=residential];No usage;No other usages;0,45;DEBW_52210005xix
DEBW_52210004Hw4;UsageZoneName [name=garage];No usage;No other usages;0,30;DEBW_52210004Hw4
DEBW_52210003u94;UsageZoneName [name=water tank];No usage;No other usages;0,48;DEBW_52210003u94
DEBW_52210004bgQ;UsageZoneName [name=residential];No usage;No other usages;0,40;DEBW_52210004bgQ
DEBW_52210006NNm;UsageZoneName [name=residential];No usage;No other usages;0,46;DEBW_52210006NNm
DEBW_52210005JJw;UsageZoneName [name=leisure and recreation];UsageZoneName [name=garden house];No other usages;0,30;DEBW_52210005JJw
DEBW_52210006IeR;UsageZoneName [name=residential];No usage;No other usages;0,45;DEBW_52210006IeR
DEBW_522100060PQ;UsageZoneName [name=residential];No usage;No other usages;0,43;DEBW_522100060PQ
DEBW_52210004enR;UsageZoneName [name=garage];No usage;No other usages;0,30;DEBW_52210004enR
DEBW_52210006Krt;UsageZoneName [name=residential];No usage;No other usages;0,39;DEBW_52210006Krt
DEBW_52210005IxF;UsageZoneName [name=shed];No usage;No other usages;0,30;DEBW_52210005IxF
DEBW_52210005dkk;UsageZoneName [name=shed];No usage;No other usages;0,30;DEBW_52210005dkk
DEBW_52210004dQ2;UsageZoneName [name=residential];No usage;No other usages;0,39;DEBW_52210004dQ2
DEBW_52210003ty5;UsageZoneName [name=shed];No usage;No other usages;0,30;DEBW_52210003ty5
DEBW_52210005J0U;UsageZoneName [name=residential];No usage;No other usages;0,43;DEBW_52210005J0U
DEBW_52210004HKw;UsageZoneName [name=residential];No usage;No other usages;0,39;DEBW_52210004HKw
DEBW_52210005K5d;UsageZoneName [name=residential];No usage;No other usages;0,41;DEBW_52210005K5d
DEBW_52210005PIU;UsageZoneName [name=leisure and recreation];UsageZoneName [name=garden house];No other usages;0,30;DEBW_52210005PIU
DEBW_52210004zK7;UsageZoneName [name=residential];No usage;No other usages;0,43;DEBW_52210004zK7
DEBW_52210004d3g;UsageZoneName [name=residential];No usage;No other usages;0,44;DEBW_52210004d3g
DEBW_52210006HCZ;UsageZoneName [name=residential];No usage;No other usages;0,45;DEBW_52210006HCZ
DEBW_52210006HXy;UsageZoneName [name=residential];No usage;No other usages;0,43;DEBW_52210006HXy
DEBW_52210005yOR;UsageZoneName [name=retail];No usage;No other usages;0,81;DEBW_52210005yOR
DEBW_52210004H5Y;UsageZoneName [name=garage];No usage;No other usages;0,30;DEBW_52210004H5Y
DEBW_522100061BG;UsageZoneName [name=residential];No usage;No other usages;0,45;DEBW_522100061BG
DEBW_52210004yr8;UsageZoneName [name=residential];No usage;No other usages;0,43;DEBW_52210004yr8
DEBW_52210005197;UsageZoneName [name=greenhouse];No usage;No other usages;0,30;DEBW_52210005197
DEBW_52210003u4h;UsageZoneName [name=residential];No usage;No other usages;0,42;DEBW_52210003u4h
DEBW_52210003sMd;UsageZoneName [name=residential];No usage;No other usages;0,42;DEBW_52210003sMd
DEBW_52210006Idd;UsageZoneName [name=garage];No usage;No other usages;0,30;DEBW_52210006Idd
DEBW_52210005fyk;UsageZoneName [name=garage];No usage;No other usages;0,30;DEBW_52210005fyk
DEBW_5221Us0004I;UsageZoneName [name=garage];No usage;No other usages;0,30;DEBW_5221Us0004I
DEBW_52210006KZK;UsageZoneName [name=residential];No usage;No other usages;0,43;DEBW_52210006KZK
DEBW_52210004zvw;UsageZoneName [name=garage];No usage;No other usages;0,30;DEBW_52210004zvw
DEBW_522100060Iy;UsageZoneName [name=residential];No usage;No other usages;0,39;DEBW_522100060Iy
DEBW_52210004zH7;UsageZoneName [name=residential];No usage;No other usages;0,41;DEBW_52210004zH7
DEBW_5221Us0004K;UsageZoneName [name=residential];No usage;No other usages;0,45;DEBW_5221Us0004K
DEBW_52210005Jkv;UsageZoneName [name=residential];No usage;No other usages;0,38;DEBW_52210005Jkv
DEBW_52210005zTA;UsageZoneName [name=residential];No usage;No other usages;0,45;DEBW_52210005zTA
DEBW_52210003sUv;UsageZoneName [name=residential];No usage;No other usages;0,44;DEBW_52210003sUv
DEBW_52210004HkA;UsageZoneName [name=garage];No usage;No other usages;0,30;DEBW_52210004HkA
DEBW_52210005fdn;UsageZoneName [name=garage];No usage;No other usages;0,30;DEBW_52210005fdn
DEBW_52210005k2O;UsageZoneName [name=residential];No usage;No other usages;0,43;DEBW_52210005k2O
DEBW_52210004IZi;UsageZoneName [name=residential];No usage;No other usages;0,43;DEBW_52210004IZi
DEBW_52210004zrn;UsageZoneName [name=garden house];UsageZoneName [name=leisure and recreation];No other usages;0,30;DEBW_52210004zrn
DEBW_52210004HtD;UsageZoneName [name=garage];No usage;No other usages;0,30;DEBW_52210004HtD
DEBW_52210004Eso;UsageZoneName [name=residential];No usage;No other usages;0,48;DEBW_52210004Eso
DEBW_52210005Kuv;UsageZoneName [name=garage];No usage;No other usages;0,30;DEBW_52210005Kuv
DEBW_52210004djO;UsageZoneName [name=garage];No usage;No other usages;0,30;DEBW_52210004djO
DEBW_52210004xx4;UsageZoneName [name=residential];No usage;No other usages;0,47;DEBW_52210004xx4
DEBW_52210003tcH;UsageZoneName [name=residential];No usage;No other usages;0,45;DEBW_52210003tcH
DEBW_52210004H20;UsageZoneName [name=residential];No usage;No other usages;0,42;DEBW_52210004H20
DEBW_52210005L39;UsageZoneName [name=residential];No usage;No other usages;0,44;DEBW_52210005L39
DEBW_522100050Oj;UsageZoneName [name=residential];No usage;No other usages;0,42;DEBW_522100050Oj
DEBW_52210005gIC;UsageZoneName [name=garage];No usage;No other usages;0,30;DEBW_52210005gIC
DEBW_52210004HWA;UsageZoneName [name=garage];No usage;No other usages;0,30;DEBW_52210004HWA
DEBW_52210004za1;UsageZoneName [name=garage];No usage;No other usages;0,30;DEBW_52210004za1
DEBW_52210005jPg;UsageZoneName [name=residential];No usage;No other usages;0,43;DEBW_52210005jPg
DEBW_52210004Hxc;UsageZoneName [name=residential];No usage;No other usages;0,40;DEBW_52210004Hxc
DEBW_52210005JLO;UsageZoneName [name=residential];No usage;No other usages;0,40;DEBW_52210005JLO
DEBW_52210004yVr;UsageZoneName [name=building for stockpiling];No usage;No other usages;0,63;DEBW_52210004yVr
DEBW_52210003u5D;UsageZoneName [name=shed];No usage;No other usages;0,30;DEBW_52210003u5D
DEBW_52210005PFV;UsageZoneName [name=residential];No usage;No other usages;0,47;DEBW_52210005PFV
DEBW_52210005gFu;UsageZoneName [name=garage];No usage;No other usages;0,30;DEBW_52210005gFu
DEBW_52210005JMk;UsageZoneName [name=residential];No usage;No other usages;0,48;DEBW_52210005JMk
DEBW_522100050K3;UsageZoneName [name=industry];UsageZoneName [name=residential];No other usages;0,46;DEBW_522100050K3
DEBW_522100060KX;UsageZoneName [name=garage];No usage;No other usages;0,30;DEBW_522100060KX
DEBW_52210004zL4;UsageZoneName [name=garage];No usage;No other usages;0,30;DEBW_52210004zL4
DEBW_52210004f8s;UsageZoneName [name=garage];No usage;No other usages;0,30;DEBW_52210004f8s
DEBW_52210005diH;UsageZoneName [name=residential];No usage;No other usages;0,40;DEBW_52210005diH
DEBW_52210004HJa;UsageZoneName [name=residential];No usage;No other usages;0,43;DEBW_52210004HJa
DEBW_52210005zec;UsageZoneName [name=residential];No usage;No other usages;0,38;DEBW_52210005zec
DEBW_52210004IsB;UsageZoneName [name=garage];No usage;No other usages;0,30;DEBW_52210004IsB
DEBW_52210005PUw;UsageZoneName [name=garage];No usage;No other usages;0,30;DEBW_52210005PUw
DEBW_52210005g5H;UsageZoneName [name=residential];No usage;No other usages;0,46;DEBW_52210005g5H
DEBW_52210006I8X;UsageZoneName [name=garage];No usage;No other usages;0,30;DEBW_52210006I8X
DEBW_52210004dHR;UsageZoneName [name=garage];No usage;No other usages;0,30;DEBW_52210004dHR
DEBW_52210005dt0;UsageZoneName [name=garage];No usage;No other usages;0,30;DEBW_52210005dt0
DEBW_52210005gxN;UsageZoneName [name=residential];No usage;No other usages;0,43;DEBW_52210005gxN
DEBW_52210003rFb;UsageZoneName [name=residential];No usage;No other usages;0,43;DEBW_52210003rFb
DEBW_5221000502w;UsageZoneName [name=garage];No usage;No other usages;0,30;DEBW_5221000502w
DEBW_52210004zaj;UsageZoneName [name=residential];No usage;No other usages;0,48;DEBW_52210004zaj
DEBW_52210006Hwg;UsageZoneName [name=residential];No usage;No other usages;0,41;DEBW_52210006Hwg
DEBW_52210003uss;UsageZoneName [name=residential];No usage;No other usages;0,40;DEBW_52210003uss
DEBW_52210005yi4;UsageZoneName [name=residential];No usage;No other usages;0,43;DEBW_52210005yi4
DEBW_52210004e4u;UsageZoneName [name=garage];No usage;No other usages;0,30;DEBW_52210004e4u
DEBW_52210006Hkl;UsageZoneName [name=residential];No usage;No other usages;0,43;DEBW_52210006Hkl
DEBW_52210005KQH;UsageZoneName [name=garage];No usage;No other usages;0,30;DEBW_52210005KQH
DEBW_52210004f2t;UsageZoneName [name=garage];No usage;No other usages;0,30;DEBW_52210004f2t
DEBW_52210003uZg;UsageZoneName [name=residential];No usage;No other usages;0,42;DEBW_52210003uZg
DEBW_52210005yjZ;UsageZoneName [name=residential];No usage;No other usages;0,41;DEBW_52210005yjZ
DEBW_52210003yB9;UsageZoneName [name=garage];No usage;No other usages;0,30;DEBW_52210003yB9
DEBW_52210004HHd;UsageZoneName [name=residential];No usage;No other usages;0,41;DEBW_52210004HHd
DEBW_522100050wu;UsageZoneName [name=residential];No usage;No other usages;0,40;DEBW_522100050wu
DEBW_52210005J24;UsageZoneName [name=residential];No usage;No other usages;0,39;DEBW_52210005J24
DEBW_52210005yBC;UsageZoneName [name=residential];No usage;No other usages;0,43;DEBW_52210005yBC
DEBW_52210005eVZ;UsageZoneName [name=garage];No usage;No other usages;0,30;DEBW_52210005eVZ
DEBW_52210005J6o;UsageZoneName [name=residential];No usage;No other usages;0,50;DEBW_52210005J6o
DEBW_52210005JOp;UsageZoneName [name=residential];No usage;No other usages;0,40;DEBW_52210005JOp
DEBW_52210005g46;UsageZoneName [name=garage];No usage;No other usages;0,30;DEBW_52210005g46
DEBW_52210005PRs;UsageZoneName [name=residential];No usage;No other usages;0,43;DEBW_52210005PRs
DEBW_52210004FOx;UsageZoneName [name=residential];No usage;No other usages;0,39;DEBW_52210004FOx
DEBW_52210004FT7;UsageZoneName [name=residential];No usage;No other usages;0,39;DEBW_52210004FT7
DEBW_522100060vu;UsageZoneName [name=residential];No usage;No other usages;0,40;DEBW_522100060vu
DEBW_52210004zDZ;UsageZoneName [name=residential];No usage;No other usages;0,45;DEBW_52210004zDZ
DEBW_52210003rIo;UsageZoneName [name=residential];No usage;No other usages;0,45;DEBW_52210003rIo
DEBW_52210004z2V;UsageZoneName [name=garage];No usage;No other usages;0,30;DEBW_52210004z2V
DEBW_52210005Q4u;UsageZoneName [name=residential];No usage;No other usages;0,46;DEBW_52210005Q4u
DEBW_52210006JX6;UsageZoneName [name=residential];No usage;No other usages;0,43;DEBW_52210006JX6
DEBW_52210005gBZ;UsageZoneName [name=residential];No usage;No other usages;0,43;DEBW_52210005gBZ
DEBW_52210005ynV;UsageZoneName [name=residential];No usage;No other usages;0,50;DEBW_52210005ynV
DEBW_52210003vBM;UsageZoneName [name=residential];No usage;No other usages;0,40;DEBW_52210003vBM
DEBW_52210004yBG;UsageZoneName [name=residential];No usage;No other usages;0,43;DEBW_52210004yBG
DEBW_52210004d1s;UsageZoneName [name=residential];No usage;No other usages;0,39;DEBW_52210004d1s
DEBW_52210004HrR;UsageZoneName [name=residential];No usage;No other usages;0,40;DEBW_52210004HrR
DEBW_52210005xRe;UsageZoneName [name=residential];No usage;No other usages;0,46;DEBW_52210005xRe
DEBW_52210005ela;UsageZoneName [name=residential];No usage;No other usages;0,42;DEBW_52210005ela
DEBW_52210005yqw;UsageZoneName [name=residential];No usage;No other usages;0,39;DEBW_52210005yqw
DEBW_52210005doZ;UsageZoneName [name=residential];No usage;No other usages;0,40;DEBW_52210005doZ
DEBW_52210004bZV;UsageZoneName [name=residential];No usage;No other usages;0,46;DEBW_52210004bZV
DEBW_52210006JRe;UsageZoneName [name=garage];No usage;No other usages;0,30;DEBW_52210006JRe
DEBW_52210005gwl;UsageZoneName [name=residential];No usage;No other usages;0,46;DEBW_52210005gwl
DEBW_52210003t7f;UsageZoneName [name=residential];No usage;No other usages;0,45;DEBW_52210003t7f
DEBW_52210003vBz;UsageZoneName [name=garage];No usage;No other usages;0,30;DEBW_52210003vBz
DEBW_52210003tI1;UsageZoneName [name=restaurant];No usage;No other usages;4,76;DEBW_52210003tI1
DEBW_52210005hqW;UsageZoneName [name=residential];No usage;No other usages;0,46;DEBW_52210005hqW
DEBW_52210005xO2;UsageZoneName [name=residential];No usage;No other usages;0,40;DEBW_52210005xO2
DEBW_522100063eT;UsageZoneName [name=residential];No usage;No other usages;0,44;DEBW_522100063eT
DEBW_52210005K93;UsageZoneName [name=residential];No usage;No other usages;0,39;DEBW_52210005K93
DEBW_52210003xLl;UsageZoneName [name=garage];No usage;No other usages;0,30;DEBW_52210003xLl
DEBW_52210004IuQ;UsageZoneName [name=residential];No usage;No other usages;0,41;DEBW_52210004IuQ
DEBW_52210005eml;UsageZoneName [name=residential];No usage;No other usages;0,42;DEBW_52210005eml
DEBW_52210004zyP;UsageZoneName [name=residential];No usage;No other usages;0,40;DEBW_52210004zyP
DEBW_52210005zIy;UsageZoneName [name=residential];UsageZoneName [name=commercial];No other usages;0,53;DEBW_52210005zIy
DEBW_52210005enf;UsageZoneName [name=residential];No usage;No other usages;0,42;DEBW_52210005enf
DEBW_52210005xzK;UsageZoneName [name=residential];No usage;No other usages;0,43;DEBW_52210005xzK
DEBW_5221000642o;UsageZoneName [name=garage];No usage;No other usages;0,30;DEBW_5221000642o
DEBW_52210004eBR;UsageZoneName [name=residential];No usage;No other usages;0,43;DEBW_52210004eBR
DEBW_52210006JsB;UsageZoneName [name=residential];No usage;No other usages;0,42;DEBW_52210006JsB
DEBW_52210003uKC;UsageZoneName [name=residential];No usage;No other usages;0,46;DEBW_52210003uKC
DEBW_52210004zDV;UsageZoneName [name=residential];No usage;No other usages;0,40;DEBW_52210004zDV
DEBW_52210006Ie0;UsageZoneName [name=garage];No usage;No other usages;0,30;DEBW_52210006Ie0
DEBW_52210005Kf7;UsageZoneName [name=residential];No usage;No other usages;0,42;DEBW_52210005Kf7
DEBW_52210004I7k;UsageZoneName [name=residential];No usage;No other usages;0,43;DEBW_52210004I7k
DEBW_52210004zBB;UsageZoneName [name=residential];No usage;No other usages;0,43;DEBW_52210004zBB
DEBW_52210005ykq;UsageZoneName [name=residential];No usage;No other usages;0,43;DEBW_52210005ykq
DEBW_52210005xM5;UsageZoneName [name=residential];No usage;No other usages;0,40;DEBW_52210005xM5
DEBW_52210005MRo;UsageZoneName [name=residential];No usage;No other usages;0,38;DEBW_52210005MRo
DEBW_52210003tNq;UsageZoneName [name=residential];No usage;No other usages;0,40;DEBW_52210003tNq
DEBW_522100051Hd;UsageZoneName [name=residential];No usage;No other usages;0,41;DEBW_522100051Hd
DEBW_52210005evc;UsageZoneName [name=residential];No usage;No other usages;0,42;DEBW_52210005evc
DEBW_52210005JfZ;UsageZoneName [name=residential];No usage;No other usages;0,45;DEBW_52210005JfZ
DEBW_52210005hG5;UsageZoneName [name=residential];No usage;No other usages;0,45;DEBW_52210005hG5
DEBW_522100050H1;UsageZoneName [name=residential];No usage;No other usages;0,50;DEBW_522100050H1
DEBW_52210006Jto;UsageZoneName [name=residential];No usage;No other usages;0,43;DEBW_52210006Jto
DEBW_52210004dNl;UsageZoneName [name=residential];No usage;No other usages;0,44;DEBW_52210004dNl
DEBW_52210004dQC;UsageZoneName [name=residential];No usage;No other usages;0,44;DEBW_52210004dQC
DEBW_52210004edl;UsageZoneName [name=residential];No usage;No other usages;0,40;DEBW_52210004edl
DEBW_522100054Ih;UsageZoneName [name=residential];No usage;No other usages;0,46;DEBW_522100054Ih
DEBW_52210005em7;UsageZoneName [name=residential];No usage;No other usages;0,43;DEBW_52210005em7
DEBW_52210003v4C;UsageZoneName [name=residential];No usage;No other usages;0,40;DEBW_52210003v4C
DEBW_52210004xfl;UsageZoneName [name=residential];No usage;No other usages;0,39;DEBW_52210004xfl
DEBW_52210003qwF;UsageZoneName [name=residential];No usage;No other usages;0,43;DEBW_52210003qwF
DEBW_52210005JtI;UsageZoneName [name=residential];No usage;No other usages;0,40;DEBW_52210005JtI
DEBW_522100054BV;UsageZoneName [name=residential];No usage;No other usages;0,43;DEBW_522100054BV
DEBW_52210005y86;UsageZoneName [name=residential];No usage;No other usages;0,40;DEBW_52210005y86
DEBW_52210006GkA;UsageZoneName [name=residential];No usage;No other usages;0,41;DEBW_52210006GkA
DEBW_52210004f3W;UsageZoneName [name=residential];No usage;No other usages;0,42;DEBW_52210004f3W
DEBW_52210004yU8;UsageZoneName [name=residential];No usage;No other usages;0,42;DEBW_52210004yU8
DEBW_52210006I9r;UsageZoneName [name=residential];No usage;No other usages;0,45;DEBW_52210006I9r
DEBW_52210004ylt;UsageZoneName [name=residential];No usage;No other usages;0,45;DEBW_52210004ylt
DEBW_52210005N87;UsageZoneName [name=residential];No usage;No other usages;0,39;DEBW_52210005N87
DEBW_522100053Xz;UsageZoneName [name=residential];No usage;No other usages;0,41;DEBW_522100053Xz
DEBW_52210005LJS;UsageZoneName [name=residential];No usage;No other usages;0,39;DEBW_52210005LJS
DEBW_52210004L5J;UsageZoneName [name=residential];No usage;No other usages;0,44;DEBW_52210004L5J
DEBW_52210006JHB;UsageZoneName [name=garage];No usage;No other usages;0,30;DEBW_52210006JHB
DEBW_52210006Jqm;UsageZoneName [name=garage];No usage;No other usages;0,30;DEBW_52210006Jqm
DEBW_52210005fRo;UsageZoneName [name=residential];No usage;No other usages;0,41;DEBW_52210005fRo
DEBW_52210005k39;UsageZoneName [name=residential];No usage;No other usages;0,40;DEBW_52210005k39
DEBW_52210005LZl;UsageZoneName [name=residential];No usage;No other usages;0,48;DEBW_52210005LZl
DEBW_5221000619W;UsageZoneName [name=residential];No usage;No other usages;0,42;DEBW_5221000619W
DEBW_52210006Iag;UsageZoneName [name=garage];No usage;No other usages;0,30;DEBW_52210006Iag
DEBW_52210005eg5;UsageZoneName [name=residential];No usage;No other usages;0,41;DEBW_52210005eg5
DEBW_52210004FV9;UsageZoneName [name=residential];No usage;No other usages;0,46;DEBW_52210004FV9
DEBW_52210004zCV;UsageZoneName [name=residential];No usage;No other usages;0,45;DEBW_52210004zCV
DEBW_5221000614V;UsageZoneName [name=residential];No usage;No other usages;0,43;DEBW_5221000614V
DEBW_52210005Mki;UsageZoneName [name=residential];No usage;No other usages;0,39;DEBW_52210005Mki
DEBW_52210005k3y;UsageZoneName [name=residential];No usage;No other usages;0,43;DEBW_52210005k3y
DEBW_52210004ewn;UsageZoneName [name=residential];No usage;No other usages;0,43;DEBW_52210004ewn
DEBW_52210005zg6;UsageZoneName [name=residential];No usage;No other usages;0,43;DEBW_52210005zg6
DEBW_52210004H6b;UsageZoneName [name=garage];No usage;No other usages;0,30;DEBW_52210004H6b
DEBW_52210003snr;UsageZoneName [name=residential];No usage;No other usages;0,42;DEBW_52210003snr
DEBW_52210005xhl;UsageZoneName [name=shed];No usage;No other usages;0,30;DEBW_52210005xhl
DEBW_52210005zd7;UsageZoneName [name=residential];No usage;No other usages;0,39;DEBW_52210005zd7
DEBW_52210004eFK;UsageZoneName [name=residential];No usage;No other usages;0,42;DEBW_52210004eFK
DEBW_52210004cUQ;UsageZoneName [name=residential];No usage;No other usages;0,45;DEBW_52210004cUQ
DEBW_52210005yG0;UsageZoneName [name=residential];No usage;No other usages;0,43;DEBW_52210005yG0
DEBW_52210006JuH;UsageZoneName [name=greenhouse];No usage;No other usages;0,30;DEBW_52210006JuH
DEBW_522100060Xf;UsageZoneName [name=residential];No usage;No other usages;0,40;DEBW_522100060Xf
DEBW_522100051DN;UsageZoneName [name=residential];No usage;No other usages;0,43;DEBW_522100051DN
DEBW_52210004ei8;UsageZoneName [name=residential];No usage;No other usages;0,45;DEBW_52210004ei8
DEBW_52210003udj;UsageZoneName [name=residential];No usage;No other usages;0,43;DEBW_52210003udj
DEBW_52210005KXK;UsageZoneName [name=residential];No usage;No other usages;0,43;DEBW_52210005KXK
DEBW_52210004FnA;UsageZoneName [name=residential];No usage;No other usages;0,43;DEBW_52210004FnA
DEBW_52210004GyF;UsageZoneName [name=residential];No usage;No other usages;0,45;DEBW_52210004GyF
DEBW_52210004zTI;UsageZoneName [name=garage];No usage;No other usages;0,30;DEBW_52210004zTI
DEBW_522100050uW;UsageZoneName [name=residential];No usage;No other usages;0,39;DEBW_522100050uW
DEBW_52210003uBM;UsageZoneName [name=residential];No usage;No other usages;0,45;DEBW_52210003uBM
DEBW_52210005hJf;UsageZoneName [name=residential];No usage;No other usages;0,43;DEBW_52210005hJf
DEBW_52210004xrI;UsageZoneName [name=residential];No usage;No other usages;0,43;DEBW_52210004xrI
DEBW_52210005JtN;UsageZoneName [name=residential];No usage;No other usages;0,46;DEBW_52210005JtN
DEBW_52210004HpC;UsageZoneName [name=residential];No usage;No other usages;0,41;DEBW_52210004HpC
DEBW_522Ue00002q;UsageZoneName [name=residential];No usage;No other usages;0,43;DEBW_522Ue00002q
DEBW_52210004GG6;UsageZoneName [name=residential];No usage;No other usages;0,41;DEBW_52210004GG6
DEBW_52210005yrw;UsageZoneName [name=residential];No usage;No other usages;0,44;DEBW_52210005yrw
DEBW_52210005MSz;UsageZoneName [name=residential];No usage;No other usages;0,45;DEBW_52210005MSz
DEBW_522100050y5;UsageZoneName [name=residential];No usage;No other usages;0,42;DEBW_522100050y5
DEBW_522100060XU;UsageZoneName [name=residential];No usage;No other usages;0,43;DEBW_522100060XU
DEBW_5221000629z;UsageZoneName [name=residential];No usage;No other usages;0,45;DEBW_5221000629z
DEBW_52210003sTZ;UsageZoneName [name=residential];No usage;No other usages;0,43;DEBW_52210003sTZ
DEBW_52210005Kn6;UsageZoneName [name=residential];No usage;No other usages;0,45;DEBW_52210005Kn6
DEBW_52210006KbP;UsageZoneName [name=residential];No usage;No other usages;0,40;DEBW_52210006KbP
DEBW_52210006KVn;UsageZoneName [name=residential];No usage;No other usages;0,48;DEBW_52210006KVn
DEBW_52210005dnU;UsageZoneName [name=residential];No usage;No other usages;0,41;DEBW_52210005dnU
DEBW_522100064GG;UsageZoneName [name=residential];No usage;No other usages;0,41;DEBW_522100064GG
DEBW_52210004IgO;UsageZoneName [name=residential];No usage;No other usages;0,45;DEBW_52210004IgO
DEBW_52210004ewN;UsageZoneName [name=residential];No usage;No other usages;0,43;DEBW_52210004ewN
DEBW_52210004zAp;UsageZoneName [name=residential];No usage;No other usages;0,43;DEBW_52210004zAp
DEBW_52210005fyh;UsageZoneName [name=residential];No usage;No other usages;0,40;DEBW_52210005fyh
DEBW_52210005M2x;UsageZoneName [name=residential];No usage;No other usages;0,40;DEBW_52210005M2x
DEBW_52210005ej5;UsageZoneName [name=residential];No usage;No other usages;0,42;DEBW_52210005ej5
DEBW_52210005ely;UsageZoneName [name=residential];No usage;No other usages;0,43;DEBW_52210005ely
DEBW_52210004Lja;UsageZoneName [name=residential];No usage;No other usages;0,43;DEBW_52210004Lja
DEBW_52210005fiS;UsageZoneName [name=residential];No usage;No other usages;0,44;DEBW_52210005fiS
DEBW_52210005elC;UsageZoneName [name=residential];No usage;No other usages;0,45;DEBW_52210005elC
DEBW_52210005dgg;UsageZoneName [name=residential];No usage;No other usages;0,45;DEBW_52210005dgg
DEBW_52210003t47;UsageZoneName [name=residential];No usage;No other usages;0,46;DEBW_52210003t47
DEBW_52210003tEX;UsageZoneName [name=residential];No usage;No other usages;0,48;DEBW_52210003tEX
DEBW_52210004zVF;UsageZoneName [name=residential];No usage;No other usages;0,44;DEBW_52210004zVF
DEBW_52210004I04;UsageZoneName [name=residential];No usage;No other usages;0,40;DEBW_52210004I04
DEBW_52210004HxR;UsageZoneName [name=residential];No usage;No other usages;0,43;DEBW_52210004HxR
DEBW_52210003rgE;UsageZoneName [name=residential];No usage;No other usages;0,44;DEBW_52210003rgE
DEBW_52210004xsG;UsageZoneName [name=residential];No usage;No other usages;0,40;DEBW_52210004xsG
DEBW_52210004eyQ;UsageZoneName [name=residential];UsageZoneName [name=commercial];No other usages;0,54;DEBW_52210004eyQ
DEBW_52210004HIN;UsageZoneName [name=residential];No usage;No other usages;0,44;DEBW_52210004HIN
DEBW_52210006Id7;UsageZoneName [name=residential];No usage;No other usages;0,46;DEBW_52210006Id7
DEBW_52210004fK1;UsageZoneName [name=residential];No usage;No other usages;0,42;DEBW_52210004fK1
DEBW_52210005djN;UsageZoneName [name=residential];No usage;No other usages;0,39;DEBW_52210005djN
DEBW_52210005MV3;UsageZoneName [name=residential];No usage;No other usages;0,42;DEBW_52210005MV3
DEBW_52210006J9b;UsageZoneName [name=residential];No usage;No other usages;0,41;DEBW_52210006J9b
DEBW_52210004y9B;UsageZoneName [name=residential];No usage;No other usages;0,40;DEBW_52210004y9B
DEBW_52210005gOD;UsageZoneName [name=residential];No usage;No other usages;0,40;DEBW_52210005gOD
DEBW_52210004Faf;UsageZoneName [name=residential];No usage;No other usages;0,43;DEBW_52210004Faf
DEBW_52210003qpi;UsageZoneName [name=residential];No usage;No other usages;0,43;DEBW_52210003qpi
DEBW_52210004bkK;UsageZoneName [name=residential];No usage;No other usages;0,46;DEBW_52210004bkK
DEBW_52210004Ewo;UsageZoneName [name=residential];No usage;No other usages;0,41;DEBW_52210004Ewo
DEBW_52210005zmV;UsageZoneName [name=residential];No usage;No other usages;0,42;DEBW_52210005zmV
DEBW_52210004Gqv;UsageZoneName [name=residential];No usage;No other usages;0,46;DEBW_52210004Gqv
DEBW_52210004GPg;UsageZoneName [name=residential];No usage;No other usages;0,43;DEBW_52210004GPg
DEBW_52210006IbZ;UsageZoneName [name=residential];No usage;No other usages;0,45;DEBW_52210006IbZ
DEBW_52210004HiD;UsageZoneName [name=residential];No usage;No other usages;0,40;DEBW_52210004HiD
DEBW_522100060Oq;UsageZoneName [name=residential];No usage;No other usages;0,39;DEBW_522100060Oq
DEBW_52210004egW;UsageZoneName [name=residential];UsageZoneName [name=industry];No other usages;0,45;DEBW_52210004egW
DEBW_52210005MY8;UsageZoneName [name=residential];No usage;No other usages;0,49;DEBW_52210005MY8
DEBW_52210005yIg;UsageZoneName [name=residential];No usage;No other usages;0,45;DEBW_52210005yIg
DEBW_52210004dGw;UsageZoneName [name=residential];No usage;No other usages;0,40;DEBW_52210004dGw
DEBW_52210003xN2;UsageZoneName [name=residential];No usage;No other usages;0,45;DEBW_52210003xN2
DEBW_52210004d1D;UsageZoneName [name=community hall];No usage;No other usages;0,60;DEBW_52210004d1D
DEBW_52210006I9N;UsageZoneName [name=residential];No usage;No other usages;0,48;DEBW_52210006I9N
DEBW_52210005KUx;UsageZoneName [name=residential];No usage;No other usages;0,39;DEBW_52210005KUx
DEBW_52210004dvl;UsageZoneName [name=residential];No usage;No other usages;0,43;DEBW_52210004dvl
DEBW_52210003uzO;UsageZoneName [name=residential];No usage;No other usages;0,39;DEBW_52210003uzO
DEBW_52210004IeC;UsageZoneName [name=garage];No usage;No other usages;0,30;DEBW_52210004IeC
DEBW_52210004yYT;UsageZoneName [name=company building];No usage;No other usages;0,47;DEBW_52210004yYT
DEBW_52210005gcQ;UsageZoneName [name=residential];No usage;No other usages;0,45;DEBW_52210005gcQ
DEBW_52210005fRL;UsageZoneName [name=residential];No usage;No other usages;0,46;DEBW_52210005fRL
