rc_building_id,simstadt_building_id,match_type,annual_rc_cooling_kwh,annual_simstadt_cooling_kwh,annual_diff_cooling_kwh,annual_diff_cooling_pct,hours_compared,mae_kwh_h,rmse_kwh_h,bias_kwh_h,corr,annual_rc_kwh,annual_simstadt_kwh,annual_diff_kwh,annual_diff_pct
DEBW_52210003qpi,DEBW_52210003qpi,exact,4297.389238632841,12517.0,-8219.61076136716,-65.66757818460621,8760,0.8389833807086937,1.4486956485886602,-0.046796531739277676,0.9671909640814209,42996.46238196393,43406.399999999994,-409.9376180360632,-0.9444174546519943
DEBW_52210003qta,DEBW_52210003qta,exact,2619.789087688251,6593.0,-3973.210912311749,-60.264081788438475,8760,0.47880917814990076,0.8241462975439976,-0.03963942100587475,0.9614472565984554,22458.558671988536,22805.8,-347.24132801146334,-1.5226009524395696
DEBW_52210003qwF,DEBW_52210003qwF,exact,2825.7959665077615,6592.0,-3766.2040334922385,-57.13294953720022,8760,0.5177745062164244,0.874413319264391,-0.11731301752677915,0.9643739116454524,24435.537966465417,25463.2,-1027.6620335345833,-4.035871506859245
DEBW_52210003rFb,DEBW_52210003rFb,exact,3759.6190002964954,9990.0,-6230.380999703504,-62.36617617320825,8760,0.7972311521939229,1.26236216791423,-0.45895406737271455,0.969932530792467,33842.462369815024,37862.899999999994,-4020.4376301849697,-10.618409129213479
DEBW_52210003rIo,DEBW_52210003rIo,exact,3282.605510501302,6764.0,-3481.394489498698,-51.46946318005171,8760,0.44235682928975295,0.7489496015216456,-0.13018557624908397,0.9525873917306698,17312.674352058028,18453.1,-1140.425647941971,-6.180130427635308
DEBW_52210003rgE,DEBW_52210003rgE,exact,1403.1938757051619,3545.0,-2141.806124294838,-60.41766218039035,8760,0.2849581378222504,0.5000014303694873,0.02305498703874013,0.9618852771425145,13907.861686459364,13705.900000000001,201.96168645936268,1.4735383043752155
DEBW_52210003sTZ,DEBW_52210003sTZ,exact,1986.846500660215,6008.0,-4021.153499339785,-66.92998500898443,8760,0.47167847939663626,0.7889803149997906,-0.08669083467112915,0.9660045891700714,22930.08828828091,23689.5,-759.4117117190908,-3.205689067811017
DEBW_52210003sUv,DEBW_52210003sUv,exact,2372.106810244056,4198.0,-1825.8931897559441,-43.49435897465327,8760,0.3376851477903382,0.5358759286257947,-0.21932220005028846,0.9576047756711306,11232.437527559474,13153.699999999999,-1921.262472440525,-14.606251263450778
DEBW_52210003snr,DEBW_52210003snr,exact,3211.930596079465,8964.0,-5752.0694039205355,-64.16855649175073,8760,0.6007101964342126,1.0427226191734214,-0.004236785908250269,0.9602112100275019,28105.485755443726,28142.600000000002,-37.11424455627639,-0.13187923132999932
DEBW_52210003t47,DEBW_52210003t47,exact,1132.7342385617658,2686.0,-1553.2657614382342,-57.82821152041081,8760,0.2753480096912993,0.47056381954467186,0.14210810173710917,0.9541141872411558,11038.066971217075,9793.199999999999,1244.8669712170758,12.711544451426255
DEBW_52210003t7f,DEBW_52210003t7f,exact,3137.2737654483835,7100.0,-3962.7262345516165,-55.813045557065024,8760,0.5914359542916691,0.9667012531373663,-0.30462731667618675,0.9655297010052429,25295.264705916605,27963.8,-2668.5352940833945,-9.542820697056174
DEBW_52210003tNq,DEBW_52210003tNq,exact,3313.3125334533584,9179.0,-5865.687466546642,-63.903338779242205,8760,0.604275234810625,1.052128860219965,0.011211744681879248,0.9592185222083678,28064.414883413265,27966.200000000004,98.2148834132604,0.3511913789262051
DEBW_52210003tQY,DEBW_52210003tQY,exact,4094.5995120302896,9655.0,-5560.40048796971,-57.59089060558996,8760,0.9292193150786934,1.4230767823107446,-0.6726451292228827,0.9679527652413042,32128.02866800755,38020.4,-5892.37133199245,-15.497920411127842
DEBW_52210003u4h,DEBW_52210003u4h,exact,2017.7288561003138,5543.0,-3525.271143899686,-63.59861345660628,8760,0.3826141561538314,0.6531369841858135,-0.0413853792020662,0.9653926988578021,18814.4640781899,19177.0,-362.53592181010026,-1.8904725546753938
DEBW_52210003uBM,DEBW_52210003uBM,exact,5322.329199082875,15246.0,-9923.670800917125,-65.09032402543045,8760,0.9929839681895763,1.7232679623510445,-0.024898788948294476,0.964878116910434,49517.986608812935,49736.09999999999,-218.11339118705655,-0.43854140390391805
DEBW_52210003uZg,DEBW_52210003uZg,exact,3547.7406435940115,9648.0,-6100.259356405988,-63.22822716009523,8760,0.662967559346491,1.1471115204058073,-0.012333357631229306,0.9614031366253738,31408.959787150437,31517.000000000004,-108.04021284956616,-0.3427997996305681
DEBW_52210003udj,DEBW_52210003udj,exact,1593.371613757707,4643.0,-3049.628386242293,-65.682282710366,8760,0.3626103073542369,0.6449789148993145,0.12013643572643146,0.958619443069737,16938.29517696354,15885.900000000001,1052.3951769635387,6.62471233586727
DEBW_52210003uss,DEBW_52210003uss,exact,2088.695481150524,8085.0,-5996.304518849476,-74.16579491465029,8760,0.7522012829402689,1.1601539206292837,-0.45744920003141437,0.9718689762025366,30799.44500772481,34806.7,-4007.254992275186,-11.512883991516537
DEBW_52210003uzO,DEBW_52210003uzO,exact,4166.6601801703955,11133.0,-6966.3398198296045,-62.57378801607477,8760,0.839053789761256,1.3571957282816465,-0.3427888260503665,0.9651215567263162,36190.56988379879,39193.4,-3002.830116201214,-7.661570867036832
DEBW_52210003v4C,DEBW_52210003v4C,exact,2440.6397643772957,8243.0,-5802.360235622704,-70.39136522652801,8760,0.49824509934661804,0.8297512398251736,-0.08074170362316152,0.9583513209451872,21241.802676261104,21949.1,-707.2973237388942,-3.2224433974007782
DEBW_52210003vBM,DEBW_52210003vBM,exact,4101.141439268479,11741.0,-7639.858560731521,-65.06991364220698,8760,0.8164224252429045,1.355082549852396,-0.2050448232277479,0.9625384762123508,36469.307348524926,38265.5,-1796.192651475074,-4.694026346121373
DEBW_52210003xIr,DEBW_52210003xIr,exact,3723.1650210193984,7359.0,-3635.8349789806016,-49.406644638953686,8760,0.4703167451704584,0.8029382333994779,-0.11969597625392205,0.9521293992648411,18557.963248015643,19606.5,-1048.5367519843567,-5.347903766528226
DEBW_52210003xN2,DEBW_52210003xN2,exact,3841.847523012466,11045.0,-7203.152476987534,-65.21640993198311,8760,0.7376398231663851,1.303238287860583,0.11335397257653083,0.9601959950835888,35188.18079977041,34195.2,992.980799770412,2.9038601902325825
DEBW_52210003xXe,DEBW_52210003xXe,exact,6416.423962812469,18095.0,-11678.576037187531,-64.54034836798857,8760,1.4688433515712136,2.261162093619826,-0.9386424415531827,0.9663146510905217,52180.79221199412,60403.30000000001,-8222.507788005889,-13.612679750950507
DEBW_52210004EqD,DEBW_52210004EqD,exact,3175.3555004841696,9085.0,-5909.644499515831,-65.0483709357824,8760,0.6274235512303753,1.1015934947627013,0.07131416111707879,0.9621733632493793,30538.41205138561,29913.699999999997,624.7120513856134,2.0883810808613226
DEBW_52210004FOx,DEBW_52210004FOx,exact,2117.9522036911417,6405.0,-4287.047796308858,-66.93283054346382,8760,0.5385392179740043,0.8547922600828965,-0.24236719880063595,0.9658647873722684,22558.263338506433,24681.399999999998,-2123.136661493565,-8.60217273531309
DEBW_52210004FT7,DEBW_52210004FT7,exact,4221.001447498147,10146.0,-5924.998552501853,-58.397383722667584,8760,0.9017432000524327,1.406127361994513,-0.5716514368702968,0.9668884965127773,34023.2334130162,39030.9,-5007.666586983803,-12.830005423866227
DEBW_52210004Faf,DEBW_52210004Faf,exact,2875.6023827584363,8107.0,-5231.397617241564,-64.52938962922862,8760,0.572684873360308,1.012899004217256,0.157685922940359,0.9564373836463401,25811.728684957547,24430.4,1381.3286849575452,5.65413863447813
DEBW_52210004Fca,DEBW_52210004Fca,exact,1334.4110464253806,3179.0,-1844.5889535746194,-58.024188536477496,8760,0.2471581794023582,0.4359477149331837,0.04489969848699663,0.952591878245573,10749.72135874609,10356.400000000001,393.32135874608866,3.797857930806927
DEBW_52210004FnA,DEBW_52210004FnA,exact,2640.7553899615814,6938.0,-4297.244610038419,-61.93780066356902,8760,0.48390295465277594,0.8436089330987943,0.019028712031426722,0.9606760506129303,22892.891517395296,22726.2,166.6915173952948,0.7334772966676998
DEBW_52210004G6k,DEBW_52210004G6k,exact,3664.7831339932527,9147.0,-5482.216866006747,-59.934589111257765,8760,0.7890263260222865,1.241737299601904,-0.4488262313121914,0.9651045321525846,30481.882213705205,34413.6,-3931.7177862947938,-11.424895350369605
DEBW_52210004GDQ,DEBW_52210004GDQ,exact,3246.733019251773,9389.0,-6142.266980748227,-65.41982086216026,8760,0.7111094390250549,1.126762842032183,-0.3720695993431152,0.9677454144133929,29571.47030975431,32830.8,-3259.329690245693,-9.927658449522074
DEBW_52210004GPg,DEBW_52210004GPg,exact,3578.5486330583462,7468.0,-3889.4513669416538,-52.08156624185396,8760,0.6275901309058507,1.0378546657905332,-0.28223373234987664,0.9646612387019724,27492.532504615083,29964.9,-2472.3674953849186,-8.25087851247599
DEBW_52210004Gqv,DEBW_52210004Gqv,exact,2124.0552646007304,5969.0,-3844.9447353992696,-64.41522424860563,8760,0.4632443601679798,0.81485524588223,0.2361665893400762,0.9585100591384372,20301.819322619067,18233.0,2068.819322619067,11.346565691981938
DEBW_52210004H20,DEBW_52210004H20,exact,9976.740419078858,28321.0,-18344.25958092114,-64.77264072921557,8760,1.8408487823107342,3.0024547332946425,-0.7410653750605334,0.9658150953545518,80675.56731446972,87167.3,-6491.732685530282,-7.447440365286388
DEBW_52210004HIN,DEBW_52210004HIN,exact,4394.440023312823,13030.0,-8635.559976687178,-66.27444341279492,8760,0.6459187008990063,1.1543565781182576,0.2560978680237057,0.9512548987542242,26580.017323887663,24336.6,2243.4173238876647,9.218285725564233
DEBW_52210004HiD,DEBW_52210004HiD,exact,4061.8015438121424,11630.0,-7568.198456187858,-65.07479326042869,8760,0.8385679863807162,1.3551597752927944,-0.32558127608877635,0.9644741286142797,35891.10802146232,38743.200000000004,-2852.0919785376827,-7.36152919360735
DEBW_52210004Hls,DEBW_52210004Hls,exact,2612.4617908157347,7280.0,-4667.538209184266,-64.11453584044321,8760,0.5079614321577968,0.891087448132502,0.025089588787702507,0.9643939244654663,25505.98479778027,25286.199999999997,219.78479778027395,0.8691887186697644
DEBW_52210004HpC,DEBW_52210004HpC,exact,3312.701521530249,9177.0,-5864.298478469751,-63.90213009120357,8760,0.6274643994646182,1.0895259781626216,0.008575981633109433,0.9605763705533469,29533.325599106032,29458.199999999997,75.12559910603522,0.25502440443080443
DEBW_52210004HrR,DEBW_52210004HrR,exact,4658.204648301892,13127.0,-8468.795351698107,-64.51432430637699,8760,0.9856908631722046,1.5646893663089427,-0.48034726987918225,0.964866764541832,39746.057915858364,43953.9,-4207.842084141637,-9.573307679504293
DEBW_52210004HxR,DEBW_52210004HxR,exact,2747.7112173499463,7122.0,-4374.288782650054,-61.41938756880165,8760,0.5065706806647263,0.8664829525956835,-0.0666948168001112,0.9612203382900403,23416.05340483103,24000.300000000003,-584.2465951689737,-2.434330384074256
DEBW_52210004Hxc,DEBW_52210004Hxc,exact,3480.8703792196407,8949.0,-5468.129620780359,-61.10324752240874,8760,0.6685180308782285,1.1166207273103674,-0.1874428196643454,0.9646267196093515,30932.800899740338,32574.8,-1641.9991002596616,-5.040703550780547
DEBW_52210004I04,DEBW_52210004I04,exact,3952.6006212752163,11355.0,-7402.399378724784,-65.1906594339479,8760,0.8115184953510546,1.3161043668752876,-0.3026271844988095,0.9635814699065159,34600.08586379043,37251.1,-2651.0141362095674,-7.116606318228367
DEBW_52210004IZi,DEBW_52210004IZi,exact,2009.8890954840087,5875.0,-3865.110904515991,-65.7891217789956,8760,0.4162698804940117,0.736263752460541,0.13679250137224067,0.9550225152233527,18364.20231202083,17165.9,1198.3023120208272,6.980713577620906
DEBW_52210004Ihn,DEBW_52210004Ihn,exact,5296.985746289587,15050.0,-9753.014253710413,-64.80408142000275,8760,1.0040030727534415,1.7231838976439515,-0.09730156497505915,0.9647334246965394,49262.138290818475,50114.5,-852.3617091815249,-1.7008285210498457
DEBW_52210004IuQ,DEBW_52210004IuQ,exact,3516.1934570107874,8681.0,-5164.806542989212,-59.495525204345256,8760,0.6407997873920088,1.0662284977506826,-0.21523242015705987,0.9619398321901944,27922.163999424156,29807.6,-1885.4360005758426,-6.325353267541978
DEBW_52210004KwN,DEBW_52210004KwN,exact,2535.1289639536776,7205.0,-4669.871036046323,-64.81431000758255,8760,0.4879804113922873,0.8611459782545381,0.07331835260209829,0.9603835248389442,23316.568768794383,22674.3,642.2687687943835,2.8325847712801875
DEBW_52210004L5J,DEBW_52210004L5J,exact,5139.174334176758,13301.0,-8161.825665823242,-61.362496547802735,8760,0.9794596061093354,1.5973729338769411,-0.43366810887144364,0.9673401815420173,43905.46736628615,47704.4,-3798.932633713848,-7.9634847806781925
DEBW_52210004L7q,DEBW_52210004L7q,exact,2045.891770088267,6197.0,-4151.108229911733,-66.98577101681028,8760,0.46084484558339384,0.8082925475975252,0.0260655700579817,0.965539566046515,23848.83439370792,23620.5,228.33439370791893,0.9666789174992865
DEBW_52210004Lja,DEBW_52210004Lja,exact,4751.794932474562,13043.0,-8291.205067525438,-63.56823635302796,8760,0.9806164944816457,1.5685965518975837,-0.4623778738578951,0.9656645932622522,40941.76982500484,44992.2,-4050.4301749951555,-9.002516380606318
DEBW_52210004bgQ,DEBW_52210004bgQ,exact,4112.359244495825,11917.0,-7804.640755504175,-65.49165692291831,8760,0.9189688423626747,1.4419417453406875,-0.4858607756147334,0.9642694320362785,35165.45960561493,39421.6,-4256.140394385067,-10.796467911969751
DEBW_52210004cUQ,DEBW_52210004cUQ,exact,2472.292574959201,7763.0,-5290.707425040799,-68.15287163520287,8760,0.5494009208556877,0.984854611983899,0.15705451929250894,0.9631430751963517,27634.69758900238,26258.9,1375.7975890023772,5.239357280778621
DEBW_52210004caM,DEBW_52210004caM,exact,11774.67779748708,26798.0,-15023.32220251292,-56.06135608072588,8760,1.4708345545093016,2.3668241859505406,-0.7401411852536578,0.957411695712505,52214.36321717796,58698.0,-6483.636782822039,-11.045754170196666
DEBW_52210004d3g,DEBW_52210004d3g,exact,2733.806339984175,8494.0,-5760.193660015825,-67.81485354386419,8760,0.5995203710317276,0.9681794863127576,-0.22727477088960638,0.9670405444418052,26836.17300700705,28827.1,-1990.926992992947,-6.906442177648625
DEBW_52210004dF4,DEBW_52210004dF4,exact,2931.5400195864468,6266.0,-3334.4599804135532,-53.21512895648824,8760,0.39855658075962497,0.6709413894093684,-0.09847437506892179,0.9473947880361767,14708.464474396245,15571.1,-862.635525603755,-5.539978072221969
DEBW_52210004dGw,DEBW_52210004dGw,exact,3431.5981500322096,9401.0,-5969.40184996779,-63.49751994434412,8760,0.7318229826926379,1.1604728369957513,-0.3852922314394956,0.9678019444198731,30533.040052590015,33908.2,-3375.159947409982,-9.953816325873925
DEBW_52210004dNl,DEBW_52210004dNl,exact,2470.366337661835,8118.0,-5647.633662338165,-69.56927398790546,8760,0.6188606838335815,1.028219430960735,-0.13741721796154355,0.9669848750117476,30110.22517065688,31314.0,-1203.7748293431214,-3.8442065189471846
DEBW_52210004dQ2,DEBW_52210004dQ2,exact,1834.6238762394812,5406.0,-3571.3761237605186,-66.06319133852236,8760,0.4786898318317529,0.7497321894677071,-0.24487368349783192,0.9652318921910604,18825.606532558995,20970.699999999997,-2145.093467441002,-10.229002691569676
DEBW_52210004dQC,DEBW_52210004dQC,exact,7300.353645338637,19128.0,-11827.646354661363,-61.834203025205795,8760,1.368767963587145,2.241167678121414,-0.5546534123444598,0.9683855066546395,63509.23610786254,68368.0,-4858.76389213746,-7.106780792384537
DEBW_52210004dvl,DEBW_52210004dvl,exact,4569.346871836196,12973.0,-8403.653128163804,-64.77802457537813,8760,0.878837555656943,1.5083249165593742,-0.08096914771349177,0.963453534419247,42311.91026602981,43021.2,-709.2897339701885,-1.6486981626969692
DEBW_52210004e9F,DEBW_52210004e9F,exact,4805.217647561374,13670.0,-8864.782352438626,-64.84844442164321,8760,0.9230359820413395,1.5891119671282616,-0.06341593584889378,0.9653598290514376,46022.87640196369,46578.399999999994,-555.5235980363068,-1.1926635479885674
DEBW_52210004eFK,DEBW_52210004eFK,exact,7747.894444667025,20878.0,-13130.105555332975,-62.88967121052293,8760,1.4160422398429957,2.3561300392236872,-0.4288191876223214,0.9646861572876105,64646.14391642847,68402.6,-3756.4560835715383,-5.491686110720262
DEBW_52210004edl,DEBW_52210004edl,exact,2185.311627028175,6732.0,-4546.688372971825,-67.53844879637292,8760,0.5634011364260935,0.8904234208156396,-0.2645860688881443,0.9660294152267251,23284.426036539855,25602.199999999997,-2317.773963460142,-9.053026550297014
DEBW_52210004evV,DEBW_52210004evV,exact,4081.02937552773,11274.0,-7192.97062447227,-63.801406993722466,8760,0.8569178386157156,1.4087999079057374,-0.29801298485218236,0.9651780994725823,38567.306252694885,41177.899999999994,-2610.593747305109,-6.3397933049162525
DEBW_52210004ewN__01,DEBW_52210004ewN__01,exact,2727.4711563979836,6158.0,-3430.5288436020164,-55.70849047746048,8760,0.4800217875381601,0.7987078717816657,-0.19628247450668837,0.9620061924267563,20553.36552332141,22272.8,-1719.4344766785907,-7.719884687504898
DEBW_52210004f3W,DEBW_52210004f3W,exact,2932.375038363401,7973.0,-5040.6249616365985,-63.22118351482,8760,0.578774571933171,1.0216038572121566,0.10932787702129379,0.9575545966912002,26648.512202706534,25690.8,957.7122027065343,3.7278411054016782
DEBW_52210004fK1,DEBW_52210004fK1,exact,3324.226690121489,9257.0,-5932.773309878511,-64.08958960655193,8760,0.6203808334565879,1.0758113028267287,-0.010063600067189905,0.9596762693221443,28769.642863411416,28857.8,-88.15713658858294,-0.3054880711231727
DEBW_52210004fgD,DEBW_52210004fgD,exact,2650.3832300859995,7519.0,-4868.6167699140005,-64.7508547667775,8760,0.514997650734282,0.9108013043729672,0.10562753790614972,0.9581348981071695,23831.29723205787,22906.0,925.2972320578701,4.0395408716400505
DEBW_52210004xfl,DEBW_52210004xfl,exact,4183.253884394958,11440.0,-7256.746115605042,-63.43309541612799,8760,0.835201780002168,1.3703716500612717,-0.2682588397957773,0.9634650442437427,36691.352563388995,39041.3,-2349.947436611008,-6.019132141119809
DEBW_52210004xqq,DEBW_52210004xqq,exact,3970.1099599800023,10379.0,-6408.890040019998,-61.74862742094612,8760,0.9179974136401674,1.408862536165778,-0.6559671011553762,0.9696856378757058,33007.12819387891,38753.4,-5746.271806121091,-14.827787513150048
DEBW_52210004xrI,DEBW_52210004xrI,exact,3297.5513405261786,7061.0,-3763.4486594738214,-53.29908879016884,8760,0.5940246922092182,0.9727415591913505,-0.2679174223528591,0.9660900207827117,26292.043380188952,28638.999999999996,-2346.956619811044,-8.194967072212872
DEBW_52210004xsG,DEBW_52210004xsG,exact,1625.261985013324,5049.0,-3423.738014986676,-67.8102201423386,8760,0.41421247369107,0.6779454027038045,-0.11838173850055174,0.9633410474704996,18413.375970735167,19450.4,-1037.024029264834,-5.33163343306479
DEBW_52210004xx4,DEBW_52210004xx4,exact,3915.684262574656,9240.0,-5324.315737425344,-57.622464690750476,8760,0.5504263925676173,0.9547088097210898,-0.015709165167269255,0.9551209856609089,23587.087713134722,23724.699999999997,-137.61228686527465,-0.5800380483853312
DEBW_52210004y9B,DEBW_52210004y9B,exact,3975.9755768239042,11535.0,-7559.024423176095,-65.53120436216814,8760,0.8548306803341489,1.3576850007636503,-0.40659504949022734,0.9638752114724385,34075.22736646561,37636.99999999999,-3561.772633534383,-9.463487083280771
DEBW_52210004yBG,DEBW_52210004yBG,exact,5275.075737552481,14750.0,-9474.92426244752,-64.23677466066114,8760,1.0052531984057433,1.6947430710801197,-0.19485311101826602,0.9651594109929913,48077.98674747999,49784.899999999994,-1706.9132525200039,-3.4285762400245936
DEBW_52210004ylt,DEBW_52210004ylt,exact,4506.6296999950955,11478.0,-6971.3703000049045,-60.73680345012114,8760,0.84947421413079,1.4164811990332515,-0.2829703982125248,0.9697650055932694,42279.079311658286,44757.899999999994,-2478.820688341708,-5.538286399365717
DEBW_52210004yr8,DEBW_52210004yr8,exact,2598.487521812005,7284.0,-4685.512478187995,-64.3260911338275,8760,0.508963552765572,0.8977603472487433,0.1017478181729194,0.9583514424573158,23573.010887194778,22681.7,891.310887194777,3.9296476330908927
DEBW_52210004zAp,DEBW_52210004zAp,exact,1529.245702211483,4180.0,-2650.754297788517,-63.41517458824203,8760,0.2924898219122678,0.5033810538682565,-0.018966285359826845,0.9648642911607647,14474.055340247916,14640.199999999999,-166.1446597520826,-1.1348523910334736
DEBW_52210004zCV,DEBW_52210004zCV,exact,1797.7038424907319,2873.0,-1075.2961575092681,-37.427642099173966,8760,0.1990936360749374,0.3212956361681842,-0.13692310090727045,0.9377303728304368,5143.553636052311,6343.000000000001,-1199.4463639476899,-18.909764527001258
DEBW_52210004zDV,DEBW_52210004zDV,exact,2001.544350175247,5578.0,-3576.455649824753,-64.11716833676502,8760,0.42330127663420486,0.7416641394120906,0.021997042732066898,0.962164482512489,20717.894094332907,20525.199999999997,192.69409433291003,0.9388171337327288
DEBW_52210004zE4,DEBW_52210004zE4,exact,2603.841750136715,5580.0,-2976.158249863285,-53.336169352388616,8760,0.47315649766925083,0.777307052663049,-0.23070103982539336,0.9617389118062329,19378.458891129554,21399.4,-2020.9411088704474,-9.443914824109308
DEBW_52210004zH7,DEBW_52210004zH7,exact,2972.9076693663656,7848.0,-4875.092330633634,-62.11891348921552,8760,0.5590974134578958,0.9339650631517411,-0.13737977515716568,0.9637795600734627,25652.153169623227,26855.6,-1203.4468303767717,-4.48117647856228
DEBW_52210004zVF,DEBW_52210004zVF,exact,5385.773488148153,15262.0,-9876.226511851848,-64.71122075646605,8760,1.0189062599529128,1.740768580093415,-0.15235416118052933,0.9650955825169242,49705.177548058564,51039.8,-1334.622451941439,-2.614866147479886
DEBW_52210004zyP,DEBW_52210004zyP,exact,4099.440782759316,11432.0,-7332.559217240684,-64.14065095556931,8760,0.9265124565983408,1.4492300641776772,-0.5244662501923467,0.9652195964643715,35269.47564831504,39863.799999999996,-4594.324351684954,-11.525053687016678
DEBW_522100050H1,DEBW_522100050H1,exact,806.6024761154864,2276.0,-1469.3975238845137,-64.56052389650763,8760,0.1624462180128469,0.289141945741091,0.045822494502137275,0.9565184268583256,7453.205051838723,7051.8,401.405051838723,5.692235341880413
DEBW_522100050Oj,DEBW_522100050Oj,exact,2318.0109250253554,5940.0,-3621.9890749746446,-60.9762470534452,8760,0.4961450972205361,0.8421339687527138,-0.20537084677603676,0.9534492227634574,19327.35138224192,21126.399999999998,-1799.0486177580788,-8.515642124347163
DEBW_522100050uW,DEBW_522100050uW,exact,2950.763142560641,8970.0,-6019.236857439359,-67.10408982652574,8760,0.6882809990613087,1.071320327572484,-0.40387494917990474,0.9673623335909293,26391.555445184036,29929.5,-3537.944554815964,-11.82092769613914
DEBW_522100050wu,DEBW_522100050wu,exact,4183.226483501401,11732.0,-7548.773516498599,-64.34344968034947,8760,0.8164063719506514,1.3579285502674896,-0.21227306766336085,0.9652774621639383,38069.88792726896,39929.4,-1859.5120727310423,-4.656999786450691
DEBW_522100050y5,DEBW_522100050y5,exact,2977.921320749216,8246.0,-5268.078679250784,-63.88647440275024,8760,0.5695230392735711,0.9984810987679347,0.051898471513542745,0.9588352443417935,26454.330610458637,25999.700000000004,454.6306104586329,1.7485994471422086
DEBW_5221000518C,DEBW_5221000518C,exact,3196.1415704500937,12189.0,-8992.858429549906,-73.77847591721968,8760,1.0022885013899248,1.568363796422442,-0.5406475755731496,0.9702918461122763,42307.627237979206,47043.700000000004,-4736.072762020798,-10.067390026764047
DEBW_522100051DN,DEBW_522100051DN,exact,2105.246904144843,4080.0,-1974.753095855157,-48.40081117292051,8760,0.3518252610803625,0.5905588754288975,-0.13594390042315582,0.9622297415839857,15422.031432293154,16612.9,-1190.868567706848,-7.168336459659949
DEBW_522100051Hd,DEBW_522100051Hd,exact,2607.96676961958,4684.0,-2076.03323038042,-44.32180252733603,8760,0.6281835262092159,0.9341150289972403,-0.5678402428061484,0.9660728680331612,16124.21947301814,21098.5,-4974.28052698186,-23.576465279436263
DEBW_522100053Xz,DEBW_522100053Xz,exact,923.0581544974714,2135.0,-1211.9418455025286,-56.7654260188538,8760,0.24181161359484912,0.3646924658192452,-0.20418772972201243,0.959030062194144,5819.215487635171,7607.899999999999,-1788.6845123648282,-23.51088358633563
DEBW_522100054BV,DEBW_522100054BV,exact,2795.8513782435384,5491.0,-2695.1486217564616,-49.083019882652735,8760,0.4577723620062303,0.7688584143644189,-0.17847579765892682,0.9605659761145748,19528.652012507802,21092.1,-1563.4479874921963,-7.412481391099968
DEBW_522100054Ih,DEBW_522100054Ih,exact,5396.820195581615,13931.0,-8534.179804418385,-61.260353200907225,8760,1.084220903496671,1.7398654031562828,-0.5557341899971603,0.9703328334308631,48940.968495624875,53809.2,-4868.231504375122,-9.047210336476146
DEBW_52210005J24,DEBW_52210005J24,exact,5013.698046702826,16004.0,-10990.301953297174,-68.672219153319,8760,0.9846309428417779,1.642207855135702,-0.2117100045887096,0.9625228176063362,44212.520359802904,46067.09999999999,-1854.5796401970874,-4.025822420332705
DEBW_52210005JLO,DEBW_52210005JLO,exact,2984.6313698089702,8908.0,-5923.368630191029,-66.49493298373406,8760,0.6049460715239399,1.0199001550937408,-0.08977450648533061,0.9597588287663227,26939.6753231885,27726.100000000002,-786.4246768115008,-2.8364056856590025
DEBW_52210005JMk,DEBW_52210005JMk,exact,2068.654034415347,7016.0,-4947.345965584653,-70.51519335211877,8760,0.5236863422334858,0.9032035257415819,-0.012575620620897078,0.9666389941677094,27133.83756336094,27244.0,-110.16243663906062,-0.404354854790268
DEBW_52210005JOp,DEBW_52210005JOp,exact,3586.6789266854694,8320.0,-4733.321073314531,-56.89087828503041,8760,0.7717978143458919,1.2091326596159273,-0.48119766311048306,0.9668507978343683,29666.80847115217,33882.100000000006,-4215.291528847836,-12.44105745761873
DEBW_52210005JfZ,DEBW_52210005JfZ,exact,3992.1112811452813,10636.0,-6643.888718854719,-62.46604662330499,8760,0.7595044600456102,1.288533586632462,-0.1512900858282949,0.9651930795534914,36623.49884814414,37948.8,-1325.3011518558633,-3.492340078884874
DEBW_52210005Jkv,DEBW_52210005Jkv,exact,1167.7682859996557,4867.0,-3699.2317140003443,-76.00640464352463,8760,0.5760646314223136,0.8869639334868686,-0.3471056536899211,0.9737920274584154,24716.554473676293,27757.199999999997,-3040.645526323704,-10.95443894313441
DEBW_52210005JtI,DEBW_52210005JtI,exact,5775.061388197476,16118.0,-10342.938611802525,-64.17011174961239,8760,1.2031168801582588,1.9148655890118058,-0.5893506882376481,0.9655234552588762,49198.08797103821,54360.8,-5162.712028961796,-9.497122980091897
DEBW_52210005K5d,DEBW_52210005K5d,exact,1900.1536482150386,5155.0,-3254.8463517849614,-63.13959945266656,8760,0.401174401739508,0.704841708685193,0.03332396642618589,0.9631077138790235,19951.717945893386,19659.8,291.9179458933868,1.4848469765378427
DEBW_52210005K93,DEBW_52210005K93,exact,4477.240341670246,12678.0,-8200.759658329753,-64.684963387993,8760,0.9438537612578465,1.5013379702966434,-0.4464702576430443,0.9638135634173749,37749.52054304693,41660.600000000006,-3911.079456953077,-9.387957583311515
DEBW_52210005KEF,DEBW_52210005KEF,exact,14866.617098776442,39817.0,-24950.38290122356,-62.662638825686415,8760,3.302743289984189,5.0968180287496985,-2.249321113539271,0.9698894515667436,123751.74704539598,143455.8,-19704.052954604005,-13.735278012184942
DEBW_52210005KUx,DEBW_52210005KUx,exact,3924.272755736188,10867.0,-6942.727244263811,-63.88816825493523,8760,0.7764028398890862,1.291767867998428,-0.19047199609030738,0.9621073880429528,34600.365314248906,36268.9,-1668.5346857510958,-4.600455723088088
DEBW_52210005KXK,DEBW_52210005KXK,exact,2176.3983806719984,4820.0,-2643.6016193280016,-54.846506625062275,8760,0.42600066111298585,0.6852348688602696,-0.2252947893572302,0.9634029281645905,17055.617645230664,19029.2,-1973.5823547693362,-10.371336444881216
DEBW_52210005Kf7,DEBW_52210005Kf7,exact,3051.065903636863,8838.0,-5786.934096363137,-65.47786938632198,8760,0.6481028273150359,1.1419374505740647,0.20605669475381233,0.9557396484110056,28658.956646043396,26853.899999999998,1805.0566460433984,6.721767214607184
DEBW_52210005KyO,DEBW_52210005KyO,exact,4200.803591059768,11541.0,-7340.196408940232,-63.60104331461945,8760,0.8017726249611993,1.3760904815350463,-0.08643202233373698,0.9643429816219063,39085.255484356465,39842.399999999994,-757.1445156435293,-1.9003486628404147
DEBW_52210005L39,DEBW_52210005L39,exact,4786.988433401192,13263.0,-8476.011566598809,-63.907197214799126,8760,0.8861996623581352,1.5278537846290337,-0.06754826957995101,0.9633289749947861,42766.47715847963,43358.200000000004,-591.7228415203717,-1.3647311039673502
DEBW_52210005L4M,DEBW_52210005L4M,exact,2681.1921892124547,6243.0,-3561.8078107875453,-57.052824135632626,8760,0.4788084871439633,0.8223131630342126,-0.04786849449816666,0.9618747240704895,22456.37198819606,22875.699999999997,-419.32801180393653,-1.833071826453121
DEBW_52210005LJS,DEBW_52210005LJS,exact,3244.4231090675175,9064.0,-5819.5768909324825,-64.20539376580409,8760,0.6076924236491918,1.031848414526132,-0.08894033804789966,0.9614867568696562,27867.582638700398,28646.699999999997,-779.117361299599,-2.719745594779151
DEBW_52210005LZh,DEBW_52210005LZh,exact,3171.753503684074,8453.0,-5281.2464963159255,-62.47777707696588,8760,0.6171478149903679,1.0576542686753228,-0.06994896025333455,0.9654553168945255,30591.847108180787,31204.6,-612.7528918192111,-1.9636620620652439
DEBW_52210005M2x,DEBW_52210005M2x,exact,4270.520560936749,12157.0,-7886.479439063251,-64.8719210254442,8760,0.9269563827057791,1.458710341740844,-0.4819363327244404,0.9642354815147273,35823.937725333904,40045.7,-4221.762274666093,-10.542361039177973
DEBW_52210005MRo,DEBW_52210005MRo,exact,2893.496406965299,8195.0,-5301.503593034701,-64.69192914014279,8760,0.4206244344044707,0.715445412331777,-0.032047117449735714,0.9496874453817338,16550.467251140315,16831.199999999997,-280.73274885968203,-1.6679306814706145
DEBW_52210005MSz,DEBW_52210005MSz,exact,2565.9296376888733,8234.0,-5668.070362311127,-68.83738598871905,8760,0.5203373370321558,0.9301102605569718,0.1455628836714634,0.9601158463103632,24844.130860962017,23569.0,1275.1308609620173,5.410203491713765
DEBW_52210005MV3,DEBW_52210005MV3,exact,7238.1708819053165,21022.0,-13783.829118094684,-65.56859061028771,8760,1.273558224708978,2.2486775630707267,0.11226506009601443,0.9629592464307807,62742.64192644108,61759.200000000004,983.4419264410753,1.592381258891105
DEBW_52210005Mki,DEBW_52210005Mki,exact,4687.46804992103,12785.0,-8097.53195007897,-63.336190458185136,8760,0.9689567861982733,1.5475218529433337,-0.4530428458693356,0.9642700230827215,39465.54467018462,43434.200000000004,-3968.6553298153813,-9.137166863474821
DEBW_52210005N87,DEBW_52210005N87,exact,3248.8088169117173,9568.0,-6319.191183088283,-66.0450583516752,8760,0.7104073603694664,1.1344292113040921,-0.30059089425595886,0.9622735630048601,28487.623766317804,31120.800000000003,-2633.1762336821994,-8.461145708600675
DEBW_52210005PFV,DEBW_52210005PFV,exact,2036.6913091219285,6695.0,-4658.3086908780715,-69.57891995336925,8760,0.4388371313638808,0.7854008770342581,0.12540245510833753,0.9629013239850838,21841.025506749036,20742.500000000004,1098.5255067490325,5.296013049290261
DEBW_52210005PRs,DEBW_52210005PRs,exact,6989.759815763929,18242.0,-11252.24018423607,-61.683149787501755,8760,1.224216059398563,2.0956827754292573,-0.07485784145204291,0.9508364376988219,50194.745308880105,50850.5,-655.7546911198951,-1.2895737330407668
DEBW_52210005Q4u,DEBW_52210005Q4u,exact,3597.981991388833,9528.0,-5930.018008611167,-62.237804456456416,8760,0.5354559637764963,0.9377851122389336,0.045488499091566256,0.9571838502452469,23939.87925204212,23541.4,398.4792520421179,1.6926744035703818
DEBW_52210005dgg,DEBW_52210005dgg,exact,2179.555623236929,4627.0,-2447.444376763071,-52.894842808797726,8760,0.3883738658106413,0.6496662946418602,-0.1354904389026807,0.9624877304015537,17203.403755212516,18390.300000000003,-1186.8962447874874,-6.453925410610416
DEBW_52210005diH,DEBW_52210005diH,exact,4504.626749157476,13349.0,-8844.373250842524,-66.25494981528597,8760,0.9931475538810391,1.5752107961805843,-0.46143873458187745,0.9628225309002978,39013.79668506275,43056.0,-4042.203314937251,-9.388246272150806
DEBW_52210005djN,DEBW_52210005djN,exact,4502.361425120499,11060.0,-6557.638574879501,-59.291488018802,8760,0.9445338936357488,1.4804470354296588,-0.5641909155236895,0.9658636737926487,36039.98758001248,40982.299999999996,-4942.3124199875165,-12.059626765670831
DEBW_52210005dnU,DEBW_52210005dnU,exact,1751.593782278598,4946.0,-3194.406217721402,-64.5856493675981,8760,0.3757126588431711,0.6656621850687191,0.07525518639422872,0.96190789222711,18457.735432813446,17798.5,659.2354328134461,3.703881972151845
DEBW_52210005doZ,DEBW_52210005doZ,exact,3477.740286543412,9369.0,-5891.259713456588,-62.88034703230427,8760,0.6611624037034174,1.104913625385696,-0.17719447538217767,0.9632090882915232,29964.676395652124,31516.9,-1552.223604347877,-4.925051652757336
DEBW_52210005eg5,DEBW_52210005eg5,exact,3435.6226827701284,8188.0,-4752.377317229872,-58.04075863739462,8760,0.6380582708400836,1.064221575874744,-0.208865360095771,0.963998430984793,28916.23944556105,30745.9,-1829.660554438953,-5.950909078735549
DEBW_52210005ej5,DEBW_52210005ej5,exact,3705.9962409549717,9374.0,-5668.003759045028,-60.46515637982749,8760,0.6817001034948591,1.1407764744877382,-0.1816770425270739,0.9636601526598667,31195.009107462833,32786.5,-1591.4908925371674,-4.8541042579633915
DEBW_52210005elC,DEBW_52210005elC,exact,3588.159613075485,8343.0,-4754.840386924515,-56.99197395330834,8760,0.6352479186642865,1.0684904547542644,-0.17932885117445002,0.9651426120855078,29808.579263711817,31379.5,-1570.9207362881825,-5.006200660584721
DEBW_52210005ela,DEBW_52210005ela,exact,3471.744937225783,9686.0,-6214.255062774217,-64.1570830350425,8760,0.6483243515231646,1.1277157753420084,0.00887591357272274,0.9607372906692621,30626.453002897055,30548.700000000004,77.75300289705046,0.2545214784820646
DEBW_52210005ely,DEBW_52210005ely,exact,1575.8769246998538,4055.0,-2479.1230753001464,-61.13743712207512,8760,0.34071912704221585,0.5981193162433153,0.14263277552183923,0.9553563481417996,14769.463113571312,13520.0,1249.4631135713116,9.241591076710884
DEBW_52210005em7,DEBW_52210005em7,exact,7152.993579671251,18432.0,-11279.00642032875,-61.192526151957196,8760,1.3465214858761374,2.1879889554452654,-0.6054496725507681,0.9680089831535335,60527.76086845527,65831.5,-5303.739131544731,-8.056536964135303
DEBW_52210005enf,DEBW_52210005enf,exact,5959.060523985183,14935.0,-8975.939476014817,-60.10002996996865,8760,1.2311564504514967,1.9778087303999818,-0.6787895921723206,0.9710922379641515,55858.40317257047,61804.600000000006,-5946.196827429536,-9.620961590932609
DEBW_52210005evc,DEBW_52210005evc,exact,4250.412134271881,9221.0,-4970.587865728119,-53.90508476009239,8760,0.7526860387219959,1.2401212066560172,-0.3495007719221135,0.9649169758347829,32758.073237962286,35819.7,-3061.626762037711,-8.547326644382034
DEBW_52210005fBS,DEBW_52210005fBS,exact,3590.5868539294497,8912.0,-5321.41314607055,-59.7106502027665,8760,0.7217151805386776,1.1319426751134714,-0.4499220144210481,0.966271109537034,27385.78315367162,31327.1,-3941.31684632838,-12.581173636654464
DEBW_52210005fRL,DEBW_52210005fRL,exact,2039.3520674902172,5479.0,-3439.6479325097825,-62.778754015509804,8760,0.43795392059571286,0.7492681131114182,-0.050070902103862634,0.9669597180918758,22355.87889757016,22794.500000000004,-438.6211024298427,-1.9242409459731193
DEBW_52210005fRo,DEBW_52210005fRo,exact,3590.547259520973,7348.0,-3757.452740479027,-51.135720474673754,8760,0.6175993896536796,1.0045630085644108,-0.3217753520488349,0.9636092039661592,25279.347916052204,28098.1,-2818.7520839477947,-10.03182451463905
DEBW_52210005fiS,DEBW_52210005fiS,exact,1950.6000121075522,5613.0,-3662.399987892448,-65.24852998204966,8760,0.4489508381185003,0.7411290071419743,-0.13021615745402054,0.9659999189986258,21016.10646070278,22156.8,-1140.693539297219,-5.14827745566697
DEBW_52210005g5H,DEBW_52210005g5H,exact,1049.0315170764588,3037.0,-1987.9684829235412,-65.45829709988611,8760,0.20128572179236362,0.3348490190444542,-0.04305202602083439,0.9610622031598736,8878.664252057491,9255.8,-377.1357479425078,-4.074588343984397
DEBW_52210005gBZ,DEBW_52210005gBZ,exact,2841.483035834892,7291.0,-4449.516964165108,-61.027526596696035,8760,0.5297282834406778,0.9164163020001179,-0.02747173777966802,0.9608616965251263,24862.347577050106,25103.000000000004,-240.6524229498973,-0.9586600125478918
DEBW_52210005gOD,DEBW_52210005gOD,exact,4121.067869168854,10446.0,-6324.932130831146,-60.54884291433225,8760,0.8610390250691937,1.3665268934839818,-0.4548253132616914,0.9646626429307099,34179.130255827586,38163.4,-3984.269744172416,-10.440028257892157
DEBW_52210005gvh,DEBW_52210005gvh,exact,2412.972741290391,6512.0,-4099.02725870961,-62.945750287309735,8760,0.5525785841841342,0.8861787364541153,-0.28360635508476234,0.971362022387992,25528.008329457487,28012.399999999998,-2484.391670542511,-8.868899739195896
DEBW_52210005gwl,DEBW_52210005gwl,exact,1497.6323479377993,2344.0,-846.3676520622007,-36.10783498558877,8760,0.2089137249337884,0.3669000096801727,-0.032162287580639916,0.9401854772356266,7710.358360793594,7992.0999999999985,-281.7416392064042,-3.525251676110212
DEBW_52210005gxN,DEBW_52210005gxN,exact,2554.5309620808625,7148.0,-4593.469037919138,-64.26229767654083,8760,0.3685069365063593,0.6549069069255122,0.08015731896215285,0.9540822402624896,15937.27811410846,15235.1,702.1781141084593,4.608949820535863
DEBW_52210005hG5,DEBW_52210005hG5,exact,2569.152511863374,8127.0,-5557.8474881366255,-68.38744294495663,8760,0.5315737519353163,0.9029673280382322,-0.0648613044820322,0.9667284343776166,26562.4149727374,27130.600000000002,-568.1850272626034,-2.0942589816023363
DEBW_52210005hJf,DEBW_52210005hJf,exact,2875.3037461565013,8193.0,-5317.696253843498,-64.90536133093492,8760,0.5653807846006434,1.0018572526511114,0.15795322149903834,0.9538693851910303,24861.870220331577,23478.2,1383.6702203315763,5.893425476959802
DEBW_52210005jPg,DEBW_52210005jPg,exact,3452.9868347956753,10037.0,-6584.013165204325,-65.59742119362683,8760,0.7040853710531674,1.1737117204640193,-0.15780431689162822,0.9632526799211305,32160.93418402934,33543.3,-1382.3658159706647,-4.121138397148356
DEBW_52210005k39,DEBW_52210005k39,exact,4978.676111891223,10853.0,-5874.323888108777,-54.12626820334264,8760,1.1116460378676836,1.6956340500205762,-0.8572054382557927,0.9670527559775448,35924.28036087926,43433.40000000001,-7509.119639120749,-17.288813768023566
DEBW_52210005k3y,DEBW_52210005k3y,exact,3191.2535157396774,8569.0,-5377.746484260322,-62.75815712755657,8760,0.5985555641437066,1.0197370809009052,-0.08507721417431868,0.9645168053866252,28848.12360383297,29593.4,-745.2763961670316,-2.518387195006426
DEBW_52210005xLD,DEBW_52210005xLD,exact,3397.468927182369,8837.0,-5439.531072817631,-61.554046314559585,8760,0.6726964022288284,1.108641559701334,-0.21061362918639573,0.9627898893553377,29493.924608327172,31338.9,-1844.9753916728296,-5.887173422401007
DEBW_52210005xM5,DEBW_52210005xM5,exact,4080.6106535648364,11665.0,-7584.389346435164,-65.01833987514071,8760,0.8261970305308097,1.3452575954717023,-0.29581173991743404,0.9632551781537062,35401.889158323276,37993.2,-2591.310841676721,-6.820459560333747
DEBW_52210005xO2,DEBW_52210005xO2,exact,1996.5567721360387,5474.0,-3477.4432278639615,-63.52654782360179,8760,0.5477905124679161,0.8464709650610253,-0.34257106436804435,0.9675454489766391,20664.67747613593,23665.600000000002,-3000.922523864072,-12.680525842843924
DEBW_52210005xRe,DEBW_52210005xRe,exact,1058.83722755809,2564.0,-1505.16277244191,-58.70369627308541,8760,0.20050518915150958,0.3426715623539686,-0.04084145888346928,0.9542546655971864,8340.228820180808,8698.0,-357.7711798191922,-4.113257988263879
DEBW_52210005xix,DEBW_52210005xix,exact,2585.874298466027,7527.0,-4941.1257015339725,-65.64535275055098,8760,0.5153309308068009,0.9140024494903564,0.1355421385963976,0.958435242048122,23949.149134104442,22761.800000000003,1187.3491341044391,5.216411417833559
DEBW_52210005xzK,DEBW_52210005xzK,exact,2031.6280695024134,5883.0,-3851.3719304975866,-65.46612154508902,8760,0.45608459014200414,0.7709344051020068,-0.0755229312841389,0.9661056121071564,22497.219121950944,23158.800000000003,-661.5808780490588,-2.856714847267815
DEBW_52210005y1r,DEBW_52210005y1r,exact,3771.130536129492,11174.0,-7402.869463870507,-66.25084538992758,8760,0.7497206330536377,1.3207021243878367,0.08593343480409027,0.9623097947931082,36777.27688888383,36024.5,752.7768888838327,2.0896248077942308
DEBW_52210005y86,DEBW_52210005y86,exact,3215.5379068998723,9697.0,-6481.462093100128,-66.83986896050456,8760,0.7001753402855933,1.1275628897269125,-0.26482706210261125,0.9613424335408663,28484.514935981126,30804.4,-2319.8850640188757,-7.531018503911375
DEBW_52210005yG0,DEBW_52210005yG0,exact,4216.521782808958,12023.0,-7806.478217191042,-64.92953686426884,8760,0.8296105938536127,1.4413776357298553,-0.0036027180484561466,0.9632496328084028,40536.14018989552,40567.7,-31.55981010447431,-0.07779541385011798
DEBW_52210005yIg,DEBW_52210005yIg,exact,2650.8572352243386,8641.0,-5990.142764775661,-69.32233265566093,8760,0.5276807980147927,0.9343905797900902,0.08762826569994664,0.9623834405530617,25964.423607531535,25196.8,767.6236075315355,3.0465122854153526
DEBW_52210005yi4,DEBW_52210005yi4,exact,1420.654773011127,3335.0,-1914.345226988873,-57.40165598167535,8760,0.2440600968014603,0.40417644106112366,-0.0848317724505778,0.9655372543372238,11139.673673332938,11882.800000000001,-743.126326667063,-6.253798150831984
DEBW_52210005yjZ,DEBW_52210005yjZ,exact,4368.477614789056,11698.0,-7329.522385210944,-62.65620093358646,8760,0.7912015779677793,1.3388249085126076,-0.158008539166532,0.9634669150196574,36900.04519690118,38284.2,-1384.1548030988197,-3.615472709626477
DEBW_52210005ylp,DEBW_52210005ylp,exact,2975.3168857819146,9041.0,-6065.683114218085,-67.0908429843832,8760,0.601908637096146,1.0145606530734241,-0.11200849789438264,0.9670872598661324,29722.505558445206,30703.7,-981.194441554795,-3.1956879514677223
DEBW_52210005ynV,DEBW_52210005ynV,exact,1783.2619459667208,4103.0,-2319.7380540332792,-56.537607946216895,8760,0.19249044368853446,0.3339457428675541,-0.011173597769809277,0.9467378898491753,7348.719283536471,7446.6,-97.8807164635291,-1.3144349966901552
DEBW_52210005yqw,DEBW_52210005yqw,exact,4514.345519980221,12321.0,-7806.654480019779,-63.36055904569255,8760,0.8973969780626688,1.4546571144018063,-0.35428929842486057,0.9636470255478724,38020.22574579822,41123.799999999996,-3103.574254201776,-7.546905330251039
DEBW_52210005yrw,DEBW_52210005yrw,exact,5569.4875435804715,15805.0,-10235.512456419528,-64.76123034748198,8760,1.0627082800146603,1.7886628224751917,-0.233781136328332,0.96548666050338,50700.27724576381,52748.200000000004,-2047.9227542361914,-3.882450499232564
DEBW_52210005zVK,DEBW_52210005zVK,exact,4065.5904602938963,11249.0,-7183.409539706104,-63.85820552676774,8760,0.5377918091927594,0.9395018408857232,0.02197160319285404,0.9545913200279235,22924.7712439694,22732.3,192.47124396940126,0.8466861864809159
DEBW_52210005zd7,DEBW_52210005zd7,exact,3186.9844432790273,6598.0,-3411.0155567209727,-51.6977198654285,8760,0.6606270931097625,1.025099076891221,-0.48408908105705867,0.9681731645510798,23879.87964994017,28120.5,-4240.620350059831,-15.080174072508779
DEBW_52210005zmV,DEBW_52210005zmV,exact,4721.254627875656,13270.0,-8548.745372124344,-64.42159285700335,8760,1.0227659287355144,1.5802583863175221,-0.6716116194271339,0.9686528557427739,37867.18221381831,43750.5,-5883.317786181688,-13.447429826360127
DEBW_522100060Iy,DEBW_522100060Iy,exact,3882.3499998678735,9545.0,-5662.6500001321265,-59.32582504067183,8760,0.7987685568014853,1.275809004399662,-0.4039636426792882,0.9659777467332237,33161.97849012943,36700.7,-3538.7215098705638,-9.642109032990009
DEBW_522100060Oq,DEBW_522100060Oq,exact,2237.5849854255152,6529.0,-4291.415014574484,-65.7285191388342,8760,0.5738247379975422,0.8972603678117032,-0.3300292892714351,0.9693061148099313,23469.54342598223,26360.6,-2891.05657401777,-10.96733979506449
DEBW_522100060XU,DEBW_522100060XU,exact,1755.211229955577,5079.0,-3323.788770044423,-65.44179503926803,8760,0.3825156831440455,0.6690191545455016,0.018824172270734244,0.9640206919742217,19273.699749091633,19108.8,164.89974909163357,0.8629518812883781
DEBW_522100060Xf,DEBW_522100060Xf,exact,4744.911359441052,11960.0,-7215.088640558948,-60.32682809831896,8760,1.0116124989201314,1.579230205078689,-0.6194876514695739,0.9668718091633163,38624.38817312653,44051.100000000006,-5426.711826873478,-12.31912898173593
DEBW_522100060Xq,DEBW_522100060Xq,exact,1710.4287311496537,5348.0,-3637.5712688503463,-68.01741340408276,8760,0.4035925302529668,0.7183956672375972,0.07799275075481002,0.9629598122752225,20384.816496612133,19701.599999999995,683.2164966121381,3.467822393166739
DEBW_522100060vu,DEBW_522100060vu,exact,2720.6163520722926,7085.0,-4364.383647927707,-61.60033377456185,8760,0.6013657500333647,0.9419694358547751,-0.36033979547238826,0.9667899044615221,23280.62339166188,26437.199999999997,-3156.576608338117,-11.939905165214611
DEBW_5221000619W,DEBW_5221000619W,exact,2686.813192260967,7594.0,-4907.186807739034,-64.61926267762752,8760,0.5073345106991444,0.8531406985689052,-0.09651857582219972,0.9653079568690326,24218.99727579753,25064.5,-845.5027242024698,-3.373307762781902
DEBW_5221000629z,DEBW_5221000629z,exact,2317.1765181732344,4530.0,-2212.8234818267656,-48.84820048182705,8760,0.4291270885406011,0.7297974654012135,0.22266389782686072,0.9433050540965613,15311.2357449633,13360.7,1950.5357449632993,14.599053529854716
DEBW_522100063eT,DEBW_522100063eT,exact,12046.46365206837,38656.0,-26609.53634793163,-68.83675586695888,8760,4.239059530139074,6.418288416555094,-3.4919266042327965,0.9745482025254449,147646.2229469207,178235.5,-30589.277053079306,-17.162280832426372
DEBW_5221000647b,DEBW_5221000647b,exact,3758.4573093458766,9061.0,-5302.542690654123,-58.520502048936365,8760,0.6540791530159281,1.1177895666343605,-0.09882539841026813,0.9622363438148244,30450.089509926056,31315.8,-865.7104900739432,-2.764452736554529
DEBW_522100064GG,DEBW_522100064GG,exact,4091.5062923362666,11577.0,-7485.493707663733,-64.65832001091589,8760,0.7601506494596662,1.3203302028731654,-0.005500199896238739,0.960371813069621,35646.618248908955,35694.8,-48.18175109104777,-0.1349825495339595
DEBW_52210006GkA,DEBW_52210006GkA,exact,3534.986804956422,9813.0,-6278.013195043578,-63.97649235752143,8760,0.7531241842140193,1.20137652330972,-0.34618303341534057,0.9647690568190127,30962.836627281617,33995.4,-3032.563372718385,-8.920510930062257
DEBW_52210006HCZ,DEBW_52210006HCZ,exact,4920.627415541647,13690.0,-8769.372584458353,-64.05677563519615,8760,0.9340370364542626,1.575423421846617,-0.18844167360506098,0.9664585251295685,45574.95093921966,47225.700000000004,-1650.749060780341,-3.4954464640658394
DEBW_52210006HXy,DEBW_52210006HXy,exact,2708.289511238867,5972.0,-3263.710488761133,-54.65020912192118,8760,0.4601139134111684,0.7738409553245376,-0.11713196700155622,0.9614079198506424,20594.22396906637,21620.299999999996,-1026.0760309336256,-4.745891735700364
DEBW_52210006Hkl,DEBW_52210006Hkl,exact,2392.9005683128753,6861.0,-4468.099431687125,-65.1231516059922,8760,0.5685120456021485,0.9296197163772608,-0.22296956196641357,0.9700155729270726,27499.58663717422,29452.800000000003,-1953.2133628257834,-6.631672923544733
DEBW_52210006Hwg,DEBW_52210006Hwg,exact,10764.519567235011,26760.0,-15995.480432764989,-59.773843171767524,8760,1.3726028072919032,2.2283573998161175,-0.5741773722988567,0.957090278857998,50679.406218662014,55709.200000000004,-5029.79378133799,-9.028659146672345
DEBW_52210006I2P,DEBW_52210006I2P,exact,3476.1299319217264,9546.0,-6069.870068078273,-63.58548154282708,8760,0.656120478421921,1.1264046901642588,-0.050212234961111,0.9629328852708589,31418.540821740673,31858.4,-439.8591782593285,-1.3806693941294241
DEBW_52210006I2R,DEBW_52210006I2R,exact,5336.898425136855,15096.0,-9759.101574863145,-64.6469367704236,8760,1.0186473156005986,1.7492859993883247,-0.0973896890855281,0.9655251317791366,50587.16632361077,51440.3,-853.1336763892323,-1.6584928089245827
DEBW_52210006Id7,DEBW_52210006Id7,exact,2937.1339159546733,8706.0,-5768.866084045327,-66.26310686934673,8760,0.6393902508746105,1.1301449614432908,0.20823877670847593,0.9585612358631183,29431.97168396625,27607.8,1824.1716839662513,6.607450372598509
DEBW_52210006IeR,DEBW_52210006IeR,exact,2052.6062297590743,5637.0,-3584.3937702409257,-63.58690385383938,8760,0.42560936014577283,0.7486044639302287,0.1596736550555252,0.9555571408446171,18589.7412182864,17191.0,1398.741218286399,8.136473842629277
DEBW_52210006InL,DEBW_52210006InL,exact,3241.6659749208593,9349.0,-6107.334025079141,-65.32606722728784,8760,0.6388209692780181,1.135341231101362,0.17236872579204532,0.9589341419649261,29914.45003793832,28404.5,1509.9500379383207,5.31588318026482
DEBW_52210006Iok,DEBW_52210006Iok,exact,2546.9068345770706,6947.0,-4400.09316542293,-63.338033185877784,8760,0.5101795524449138,0.8699056213308194,-0.07014468964581391,0.9640372940373791,24616.23251870267,25230.699999999997,-614.467481297328,-2.435396090070145
DEBW_52210006Isp,DEBW_52210006Isp,exact,2997.7729609176195,8557.0,-5559.2270390823805,-64.96700992266426,8760,0.5758495381864307,1.0200626263973533,0.11436980990702078,0.9571028848333869,26447.179534785504,25445.300000000003,1001.8795347855012,3.937385429865244
DEBW_52210006IxM,DEBW_52210006IxM,exact,11428.116557046245,28179.0,-16750.883442953753,-59.444563124858064,8760,2.359026981477437,3.6848010682110455,-1.538388681994991,0.9695114070622254,92768.11514572387,106244.4,-13476.28485427612,-12.684230749362904
DEBW_52210006J1X,DEBW_52210006J1X,exact,3116.5664483967093,6203.0,-3086.4335516032907,-49.75711029507159,8760,0.4223536333406423,0.7034486105007959,-0.1964093366343512,0.958138051435621,16574.554211083083,18295.100000000002,-1720.5457889169193,-9.404407677011434
DEBW_52210006J9b,DEBW_52210006J9b,exact,6173.792406360839,16628.0,-10454.207593639161,-62.8711065289822,8760,1.1264155152983475,1.8854622824567262,-0.28481317742393447,0.963995351508265,51796.136565766334,54291.1,-2494.963434233665,-4.595529348702946
DEBW_52210006JsB,DEBW_52210006JsB,exact,3869.570326676587,10952.0,-7082.429673323413,-64.66791155335476,8760,0.85473038170921,1.3774530307881687,-0.3644146780096507,0.9661264153166287,37085.12742063546,40277.4,-3192.272579364544,-7.925716603764254
DEBW_52210006KHx,DEBW_52210006KHx,exact,4181.1975208559,11425.0,-7243.8024791441,-63.40308515662232,8760,0.8316202449387017,1.3684035513355406,-0.2546037792613541,0.9633481919083432,36745.87089367054,38976.2,-2230.32910632946,-5.722284641215563
DEBW_52210006KZK,DEBW_52210006KZK,exact,2661.0886859839966,7704.0,-5042.911314016003,-65.45835038961583,8760,0.5265774794279138,0.9295411054418137,0.08991206312568702,0.9575041670005677,24211.129672981016,23423.5,787.6296729810165,3.362561841659088
DEBW_52210006KbP,DEBW_52210006KbP,exact,3165.6430283522377,9441.0,-6275.356971647762,-66.46919787784941,8760,0.6771602699659717,1.1015684914558155,-0.22692339795930613,0.9615931423523725,28433.15103387648,30421.0,-1987.8489661235217,-6.534462924044317
DEBW_52210006KcE,DEBW_52210006KcE,exact,3748.50109825622,10364.0,-6615.49890174378,-63.83152163010208,8760,0.7883566362625599,1.2590909613654218,-0.388033931627111,0.9666644413477761,33183.8227589465,36583.0,-3399.1772410534977,-9.291685321196997
DEBW_52210006Krt,DEBW_52210006Krt,exact,2775.287024175638,7261.0,-4485.712975824362,-61.77817071786753,8760,0.4133641194592094,0.6818241206045388,-0.10420759853496131,0.9525374992446746,15742.141436833737,16655.0,-912.8585631662627,-5.480988070647029
DEBW_52210006NMW,DEBW_52210006NMW,exact,3661.005882818177,10871.0,-7209.994117181823,-66.32319121683214,8760,0.7911671559654958,1.2668403469208844,-0.3288666453583231,0.9617729326121814,31677.32818666109,34558.2,-2880.8718133389084,-8.336290123151405
DEBW_52210006NNm,DEBW_52210006NNm,exact,3347.797636324586,7466.0,-4118.202363675414,-55.15942089037522,8760,0.5065471123688194,0.8158805511627819,-0.24092054184404818,0.961315982901876,19760.736053446137,21871.199999999997,-2110.4639465538603,-9.6495114422339
DEBW_5221Us0004K,DEBW_5221Us0004K,exact,5137.243192724105,15062.0,-9924.756807275895,-65.89268893424443,8760,0.8251699088983554,1.4551308066464643,0.4460685954303428,0.9492855328254249,31610.260895969805,27702.699999999997,3907.5608959698075,14.105343146948881
DEBW_522Ue00002q,DEBW_522Ue00002q,exact,3250.313508123254,8891.0,-5640.686491876746,-63.4426554029552,8760,0.6091556453206299,1.0715936472878191,0.07589541033670492,0.9581708461829864,28173.943794549537,27509.100000000002,664.8437945495352,2.416814052620897
