Building ID,Building ID [filename],Thermal class,Thermal class index,Usage type,Latitude [deg],Longitude [deg],Heated area [m2],Heated volume [m3],Window area [m2],Window-to-Wall ratio [-],U walls [W/m2K],U windows [W/m2K],Internal gains [W/m2],ACH ventilation [1/h],ACH infiltration [1/h],Ventilation efficiency [-],Thermal capacitance [J/m2K],Heating setpoint day [C],Heating setpoint night [C],Cooling setpoint [C],Summer start day-of-year,Summer end day-of-year,Max heating energy per floor area [W/m2],Max cooling energy per floor area [W/m2]
DEBW_52210003qpi,DEBW_52210003qpi,light,2,residential,48.77171,9.21346,568.6,1776.7,102.26,0.2012952500935021,0.7394080640549042,2.57,4.2,0.43,0,0,110000,20.0,16.0,25.0,121,273,inf,-inf
DEBW_52210003qta,DEBW_52210003qta,light,2,residential,48.77165,9.21243,219.5,686.1,58.21,0.2133172090296101,0.7029694503608098,2.5700000000000007,4.2,0.42,0,0,110000,20.0,16.0,25.0,121,273,inf,-inf
DEBW_52210003qwF,DEBW_52210003qwF,light,2,residential,48.77348,9.20708,260.9,815.3,61.400000000000006,0.21541592113110905,0.6974920008372956,2.5699999999999994,4.2,0.43,0,0,110000,20.0,16.0,25.0,121,273,inf,-inf
DEBW_52210003rFb,DEBW_52210003rFb,light,2,residential,48.77189,9.21267,530.3,1657.2,77.08,0.22085327067992322,0.6839147485877025,2.57,4.2,0.43,0,0,110000,20.0,16.0,25.0,121,273,inf,-inf
DEBW_52210003rIo,DEBW_52210003rIo,light,2,residential,48.77358,9.20398,166.8,521.1,58.42,0.31172296035430336,0.6588679914833216,2.57,4.2,0.45,0,0,110000,20.0,16.0,25.0,121,273,inf,-inf
DEBW_52210003rgE,DEBW_52210003rgE,light,2,residential,48.77262,9.21082,117.3,366.4,31.1,0.1837735626071028,0.6860570951895449,2.57,4.2,0.44,0,0,110000,20.0,16.0,25.0,121,273,inf,-inf
DEBW_52210003sTZ,DEBW_52210003sTZ,light,2,residential,48.77104,9.21191,221.4,692.0,49.49,0.17248109294949987,0.713620509451429,2.5699999999999994,4.2,0.43,0,0,110000,20.0,16.0,25.0,121,273,inf,-inf
DEBW_52210003sUv,DEBW_52210003sUv,light,2,residential,48.77482,9.20445,153.1,478.3,32.23,0.3952176578786021,0.542589886999201,2.57,4.2,0.44,0,0,110000,20.0,16.0,25.0,121,273,inf,-inf
DEBW_52210003snr,DEBW_52210003snr,light,2,residential,48.77342,9.20777,266.4,832.5,73.49000000000001,0.21025376934740939,0.7115370101226445,2.5699999999999994,4.2,0.42,0,0,110000,20.0,16.0,25.0,121,273,inf,-inf
DEBW_52210003t47,DEBW_52210003t47,light,2,residential,48.77087,9.21214,67.9,249.9,24.75,0.19211363812776525,0.668907379777344,2.5699999999999994,4.2,0.46,0,0,110000,20.0,16.0,25.0,121,273,inf,-inf
DEBW_52210003t7f,DEBW_52210003t7f,light,2,residential,48.77408,9.20483,308.8,965.1,61.07,0.21897522320628207,0.6884173686083758,2.57,4.2,0.45,0,0,110000,20.0,16.0,25.0,121,273,inf,-inf
DEBW_52210003tNq,DEBW_52210003tNq,light,2,residential,48.77484,9.20626,244.1,762.8,75.64999999999999,0.20200806430078236,0.7370221400318486,2.5699999999999994,4.2,0.4,0,0,110000,20.0,16.0,25.0,121,273,inf,-inf
DEBW_52210003tQY,DEBW_52210003tQY,light,2,residential,48.77173,9.21078,449.8,1405.5,79.18,0.2262544290776089,0.6715952890792292,2.57,4.2,0.4,0,0,110000,20.0,16.0,25.0,121,273,inf,-inf
DEBW_52210003u4h,DEBW_52210003u4h,light,2,residential,48.77321,9.20852,225.6,704.9,45.25,0.2202053627913767,0.6854541469052646,2.5699999999999994,4.2,0.42,0,0,110000,20.0,16.0,25.0,121,273,inf,-inf
DEBW_52210003uBM,DEBW_52210003uBM,light,2,residential,48.77445,9.20508,581.4,1816.9,118.66,0.2092178573947387,0.7146083066281689,2.5700000000000003,4.2,0.45,0,0,110000,20.0,16.0,25.0,121,273,inf,-inf
DEBW_52210003uZg,DEBW_52210003uZg,light,2,residential,48.77184,9.20951,311.6,973.9,81.04,0.21106914962885795,0.7093663969011552,2.57,4.2,0.42,0,0,110000,20.0,16.0,25.0,121,273,inf,-inf
DEBW_52210003udj,DEBW_52210003udj,light,2,residential,48.77434,9.20906,126.9,396.6,38.58,0.17464916251697596,0.7078527069760353,2.57,4.2,0.43,0,0,110000,20.0,16.0,25.0,121,273,inf,-inf
DEBW_52210003uss,DEBW_52210003uss,light,2,residential,48.77453,9.2042,426.3,1332.1,64.58999999999999,0.17999665589120498,0.7156873752495009,2.5700000000000003,4.2,0.4,0,0,110000,20.0,16.0,25.0,121,273,inf,-inf
DEBW_52210003uzO,DEBW_52210003uzO,light,2,residential,48.77237,9.20993,414.7,1295.9,93.44999999999999,0.21098618260633975,0.709576,2.5700000000000003,4.2,0.39,0,0,110000,20.0,16.0,25.0,121,273,inf,-inf
DEBW_52210003v4C,DEBW_52210003v4C,light,2,residential,48.77366,9.20454,238.3,744.7,65.47,0.2699905150727865,0.7026825194846508,2.5700000000000003,4.2,0.4,0,0,110000,20.0,16.0,25.0,121,273,inf,-inf
DEBW_52210003vBM,DEBW_52210003vBM,light,2,residential,48.77166,9.2056,376.4,1176.1,95.45,0.20534388916378032,0.7262505513895013,2.57,4.2,0.4,0,0,110000,20.0,16.0,25.0,121,273,inf,-inf
DEBW_52210003xIr,DEBW_52210003xIr,light,2,residential,48.77084,9.20872,191.6,598.6,62.14,0.3027232425585814,0.6833834919229917,2.57,4.2,0.46,0,0,110000,20.0,16.0,25.0,121,273,inf,-inf
DEBW_52210003xN2,DEBW_52210003xN2,light,2,residential,48.77093,9.20943,317.1,990.8,90.53,0.2023468931604828,0.7359453898581164,2.5699999999999994,4.2,0.45,0,0,110000,20.0,16.0,25.0,121,273,inf,-inf
DEBW_52210003xXe,DEBW_52210003xXe,light,2,residential,48.77071,9.21008,697.5,2179.6,129.97,0.20864972467932769,0.716206145762269,2.57,4.2,0.4,0,0,110000,20.0,16.0,25.0,121,273,inf,-inf
DEBW_52210004EqD,DEBW_52210004EqD,light,2,residential,48.7732,9.20439,299.0,934.3,77.16999999999999,0.2065301752977385,0.722566917478722,2.5700000000000003,4.2,0.45,0,0,110000,20.0,16.0,25.0,121,273,inf,-inf
DEBW_52210004FOx,DEBW_52210004FOx,light,2,residential,48.77197,9.21242,228.5,714.2,50.15,0.1711545681034777,0.7170940095162099,2.57,4.2,0.39,0,0,110000,20.0,16.0,25.0,121,273,inf,-inf
DEBW_52210004FT7,DEBW_52210004FT7,light,2,residential,48.77355,9.20728,431.0,1346.7,86.58,0.2142379927251132,0.7006007669365147,2.5699999999999994,4.2,0.39,0,0,110000,20.0,16.0,25.0,121,273,inf,-inf
DEBW_52210004Faf,DEBW_52210004Faf,light,2,residential,48.77325,9.20744,203.9,637.3,69.17,0.20305298693673857,0.7336179611921937,2.57,4.2,0.43,0,0,110000,20.0,16.0,25.0,121,273,inf,-inf
DEBW_52210004Fca,DEBW_52210004Fca,light,2,residential,48.77463,9.20758,74.2,231.8,27.000000000000007,0.1751767988062026,0.7066552418257982,2.5699999999999994,4.2,0.3,0,0,110000,20.0,16.0,25.0,121,273,inf,-inf
DEBW_52210004FnA,DEBW_52210004FnA,light,2,residential,48.77271,9.2114,211.4,660.5,59.93,0.2175080753456974,0.6921515639723986,2.57,4.2,0.43,0,0,110000,20.0,16.0,25.0,121,273,inf,-inf
DEBW_52210004G6k,DEBW_52210004G6k,light,2,residential,48.77283,9.20734,349.6,1092.5,79.07,0.21310370849504096,0.703751816604941,2.5699999999999994,4.2,0.39,0,0,110000,20.0,16.0,25.0,121,273,inf,-inf
DEBW_52210004GDQ,DEBW_52210004GDQ,light,2,residential,48.77164,9.20529,408.0,1275.1,72.53,0.21504388045540798,0.6983594343925801,2.5700000000000003,4.2,0.4,0,0,110000,20.0,16.0,25.0,121,273,inf,-inf
DEBW_52210004GPg,DEBW_52210004GPg,light,2,residential,48.77165,9.20901,338.7,1058.6,67.59,0.21301607311692408,0.7038799012887305,2.5699999999999994,4.2,0.43,0,0,110000,20.0,16.0,25.0,121,273,inf,-inf
DEBW_52210004Gqv,DEBW_52210004Gqv,light,2,residential,48.77244,9.20731,157.9,493.3,45.36,0.17227497151538168,0.7141923390383048,2.57,4.2,0.46,0,0,110000,20.0,16.0,25.0,121,273,inf,-inf
DEBW_52210004H20,DEBW_52210004H20,light,2,residential,48.77459,9.20432,1241.4,3394.4,200.96,0.198602587288881,0.748788391040698,2.5699999999999994,4.2,0.42,0,0,110000,20.0,16.0,25.0,121,273,inf,-inf
DEBW_52210004HIN,DEBW_52210004HIN,light,2,residential,48.77295,9.20828,286.3,894.6,87.36000000000001,0.2999279019466475,0.6920614316925845,2.5699999999999994,4.2,0.44,0,0,110000,20.0,16.0,25.0,121,273,inf,-inf
DEBW_52210004HiD,DEBW_52210004HiD,light,2,residential,48.77309,9.20867,400.2,1250.6,92.15999999999998,0.2104878494427188,0.7109607022392004,2.57,4.2,0.4,0,0,110000,20.0,16.0,25.0,121,273,inf,-inf
DEBW_52210004Hls,DEBW_52210004Hls,light,2,residential,48.77182,9.21298,275.0,859.3,56.02,0.16893848009650184,0.7230688857575838,2.57,4.2,0.39,0,0,110000,20.0,16.0,25.0,121,273,inf,-inf
DEBW_52210004HpC,DEBW_52210004HpC,light,2,residential,48.7715,9.21319,288.0,900.1,77.13,0.20764012275884344,0.7193246829843702,2.57,4.2,0.41,0,0,110000,20.0,16.0,25.0,121,273,inf,-inf
DEBW_52210004HrR,DEBW_52210004HrR,light,2,residential,48.77163,9.211,466.7,1458.4,101.34999999999998,0.20884419625378636,0.7155899581589958,2.5700000000000003,4.2,0.4,0,0,110000,20.0,16.0,25.0,121,273,inf,-inf
DEBW_52210004HxR,DEBW_52210004HxR,light,2,residential,48.77285,9.20841,227.6,711.1,60.64,0.21828653707703383,0.6901030063480655,2.5699999999999994,4.2,0.43,0,0,110000,20.0,16.0,25.0,121,273,inf,-inf
DEBW_52210004Hxc,DEBW_52210004Hxc,light,2,residential,48.77323,9.20802,358.6,1120.7,78.17000000000002,0.21137310042723492,0.7084514034752722,2.5699999999999994,4.2,0.4,0,0,110000,20.0,16.0,25.0,121,273,inf,-inf
DEBW_52210004I04,DEBW_52210004I04,light,2,residential,48.77155,9.2112,376.1,1175.3,89.71000000000001,0.2090216454251031,0.7151395334187262,2.57,4.2,0.4,0,0,110000,20.0,16.0,25.0,121,273,inf,-inf
DEBW_52210004IZi,DEBW_52210004IZi,light,2,residential,48.77253,9.20949,139.8,436.9,49.190000000000005,0.21173381542699726,0.7072911382821667,2.57,4.2,0.43,0,0,110000,20.0,16.0,25.0,121,273,inf,-inf
DEBW_52210004Ihn,DEBW_52210004Ihn,light,2,residential,48.77212,9.20794,527.7,1649.0,121.92,0.21063543070384577,0.7103970604028906,2.5700000000000003,4.2,0.45,0,0,110000,20.0,16.0,25.0,121,273,inf,-inf
DEBW_52210004IuQ,DEBW_52210004IuQ,light,2,residential,48.77222,9.20957,311.8,974.2,71.56,0.22146570933399357,0.6824562195795073,2.5699999999999994,4.2,0.41,0,0,110000,20.0,16.0,25.0,121,273,inf,-inf
DEBW_52210004KwN,DEBW_52210004KwN,light,2,residential,48.77107,9.20806,215.7,674.0,59.11,0.216821949966987,0.6938694926775011,2.57,4.2,0.45,0,0,110000,20.0,16.0,25.0,121,273,inf,-inf
DEBW_52210004L5J,DEBW_52210004L5J,light,2,residential,48.77099,9.20827,561.8,1755.5,105.28,0.2139272143539309,0.7014927363323742,2.57,4.2,0.44,0,0,110000,20.0,16.0,25.0,121,273,inf,-inf
DEBW_52210004L7q,DEBW_52210004L7q,light,2,residential,48.77128,9.21126,220.3,688.4,50.98,0.1757506808701348,0.7051006788631918,2.5700000000000007,4.2,0.46,0,0,110000,20.0,16.0,25.0,121,273,inf,-inf
DEBW_52210004Lja,DEBW_52210004Lja,light,2,residential,48.7713,9.21027,472.1,1475.3,101.9,0.2118370995572002,0.7071468776841682,2.5700000000000003,4.2,0.43,0,0,110000,20.0,16.0,25.0,121,273,inf,-inf
DEBW_52210004bgQ,DEBW_52210004bgQ,light,2,residential,48.77271,9.20771,403.9,1262.3,90.33,0.21402170307539212,0.7011929530544256,2.57,4.2,0.4,0,0,110000,20.0,16.0,25.0,121,273,inf,-inf
DEBW_52210004cUQ,DEBW_52210004cUQ,light,2,residential,48.77146,9.2134,249.0,778.0,59.27,0.16585051906987155,0.7320492945259263,2.569999999999999,4.2,0.45,0,0,110000,20.0,16.0,25.0,121,273,inf,-inf
DEBW_52210004caM,DEBW_52210004caM,light,2,residential,48.77169,9.20599,888.6,2251.2,184.45,0.2989804353816478,0.6950527831829253,2.5700000000000003,4.2,0.41,0,0,110000,20.0,16.0,25.0,121,273,inf,-inf
DEBW_52210004d3g,DEBW_52210004d3g,light,2,residential,48.77165,9.20671,340.8,1065.0,63.010000000000005,0.2183752685936092,0.6899245109055808,2.57,4.2,0.44,0,0,110000,20.0,16.0,25.0,121,273,inf,-inf
DEBW_52210004dF4,DEBW_52210004dF4,light,2,residential,48.77298,9.2053,136.9,427.9,53.440000000000005,0.2965758366169044,0.7029475100942127,2.57,4.2,0.39,0,0,110000,20.0,16.0,25.0,121,273,inf,-inf
DEBW_52210004dGw,DEBW_52210004dGw,light,2,residential,48.77258,9.20702,410.5,1282.7,75.28,0.21750939034960992,0.6922065159510092,2.5700000000000003,4.2,0.4,0,0,110000,20.0,16.0,25.0,121,273,inf,-inf
DEBW_52210004dNl,DEBW_52210004dNl,light,2,residential,48.77148,9.20724,304.0,950.1,63.05,0.16447110995174125,0.7361409796893669,2.5700000000000003,4.2,0.44,0,0,110000,20.0,16.0,25.0,121,273,inf,-inf
DEBW_52210004dQ2,DEBW_52210004dQ2,light,2,residential,48.77108,9.2117,191.4,598.1,42.5,0.18429382940895883,0.6849693334688759,2.57,4.2,0.39,0,0,110000,20.0,16.0,25.0,121,273,inf,-inf
DEBW_52210004dQC,DEBW_52210004dQC,light,2,residential,48.77239,9.20822,863.1,2697.3,149.29000000000002,0.22223049212539825,0.6805766971201113,2.5699999999999994,4.2,0.44,0,0,110000,20.0,16.0,25.0,121,273,inf,-inf
DEBW_52210004dvl,DEBW_52210004dvl,light,2,residential,48.77232,9.20752,448.1,1400.3,106.72999999999999,0.2105128205128205,0.7108222541831829,2.57,4.2,0.43,0,0,110000,20.0,16.0,25.0,121,273,inf,-inf
DEBW_52210004e9F,DEBW_52210004e9F,light,2,residential,48.7749,9.2064,496.2,1550.5,113.82000000000001,0.2029998751538283,0.7337917027821682,2.57,4.2,0.44,0,0,110000,20.0,16.0,25.0,121,273,inf,-inf
DEBW_52210004eFK,DEBW_52210004eFK,light,2,residential,48.77434,9.20478,805.1,2515.8,159.88000000000002,0.21177000410612348,0.7073181103279549,2.5699999999999994,4.2,0.42,0,0,110000,20.0,16.0,25.0,121,273,inf,-inf
DEBW_52210004edl,DEBW_52210004edl,light,2,residential,48.77313,9.20783,237.7,743.0,51.34,0.17257722948670545,0.7132810656846104,2.5699999999999994,4.2,0.4,0,0,110000,20.0,16.0,25.0,121,273,inf,-inf
DEBW_52210004evV,DEBW_52210004evV,light,2,residential,48.77273,9.20456,445.0,1390.7,98.53000000000002,0.20878096327845233,0.7158728730836219,2.5699999999999994,4.2,0.4,0,0,110000,20.0,16.0,25.0,121,273,inf,-inf
DEBW_52210004ewN,DEBW_52210004ewN__01,light,2,residential,48.77353,9.20447,227.8,712.0,51.96,0.21925900919908856,0.6877687994148584,2.57,4.2,0.43,0,0,110000,20.0,16.0,25.0,121,273,inf,-inf
DEBW_52210004f3W,DEBW_52210004f3W,light,2,residential,48.77314,9.20391,211.9,662.1,71.51,0.19577298984312977,0.7591152004033276,2.5699999999999994,4.2,0.42,0,0,110000,20.0,16.0,25.0,121,273,inf,-inf
DEBW_52210004fK1,DEBW_52210004fK1,light,2,residential,48.77229,9.20937,272.8,852.6,75.3,0.21800179496829852,0.6908561288297641,2.57,4.2,0.42,0,0,110000,20.0,16.0,25.0,121,273,inf,-inf
DEBW_52210004fgD,DEBW_52210004fgD,light,2,residential,48.7726,9.2088,205.6,642.3,62.81,0.2103412477813871,0.7113590669092861,2.57,4.2,0.43,0,0,110000,20.0,16.0,25.0,121,273,inf,-inf
DEBW_52210004xfl,DEBW_52210004xfl,light,2,residential,48.77327,9.20391,401.0,1253.1,96.14,0.21059779632428643,0.710651064989681,2.57,4.2,0.39,0,0,110000,20.0,16.0,25.0,121,273,inf,-inf
DEBW_52210004xqq,DEBW_52210004xqq,light,2,residential,48.77174,9.21166,551.2,1722.5,77.27999999999999,0.22385076615589602,0.6770097485653706,2.5700000000000003,4.2,0.4,0,0,110000,20.0,16.0,25.0,121,273,inf,-inf
DEBW_52210004xrI,DEBW_52210004xrI,light,2,residential,48.77372,9.20763,297.4,929.4,65.80000000000001,0.22474212719448056,0.6748345603106545,2.5699999999999994,4.2,0.43,0,0,110000,20.0,16.0,25.0,121,273,inf,-inf
DEBW_52210004xsG,DEBW_52210004xsG,light,2,residential,48.77335,9.2076,162.4,507.4,41.22,0.16641769954378458,0.7303636892638927,2.5700000000000003,4.2,0.4,0,0,110000,20.0,16.0,25.0,121,273,inf,-inf
DEBW_52210004xx4,DEBW_52210004xx4,light,2,residential,48.7734,9.20691,245.4,766.9,76.39000000000001,0.3057434460676406,0.6746630699248913,2.5699999999999994,4.2,0.47,0,0,110000,20.0,16.0,25.0,121,273,inf,-inf
DEBW_52210004y9B,DEBW_52210004y9B,light,2,residential,48.77213,9.20977,388.6,1214.5,87.64,0.21703276293306262,0.6932775418436173,2.57,4.2,0.4,0,0,110000,20.0,16.0,25.0,121,273,inf,-inf
DEBW_52210004yBG,DEBW_52210004yBG,light,2,residential,48.77155,9.20933,541.5,1692.3,120.05,0.21106207915047734,0.709358162264797,2.57,4.2,0.43,0,0,110000,20.0,16.0,25.0,121,273,inf,-inf
DEBW_52210004ylt,DEBW_52210004ylt,light,2,residential,48.77168,9.20994,586.1,1831.4,96.97000000000001,0.21348685658931799,0.7026422834029726,2.5699999999999994,4.2,0.45,0,0,110000,20.0,16.0,25.0,121,273,inf,-inf
DEBW_52210004yr8,DEBW_52210004yr8,light,2,residential,48.77098,9.21145,202.2,631.9,62.279999999999994,0.20838491651888782,0.7170628203961538,2.5700000000000003,4.2,0.43,0,0,110000,20.0,16.0,25.0,121,273,inf,-inf
DEBW_52210004zAp,DEBW_52210004zAp,light,2,residential,48.77278,9.20907,155.0,484.5,35.36,0.21434200157604408,0.7002883061362808,2.5699999999999994,4.2,0.43,0,0,110000,20.0,16.0,25.0,121,273,inf,-inf
DEBW_52210004zCV,DEBW_52210004zCV,light,2,residential,48.77471,9.20457,52.4,96.1,20.14,0.34772099447513816,0.5921111349495817,2.57,4.2,0.45,0,0,110000,20.0,16.0,25.0,121,273,inf,-inf
DEBW_52210004zDV,DEBW_52210004zDV,light,2,residential,48.77289,9.20675,191.0,596.9,46.48,0.17594730665859104,0.704557780230175,2.57,4.2,0.4,0,0,110000,20.0,16.0,25.0,121,273,inf,-inf
DEBW_52210004zE4,DEBW_52210004zE4,light,2,residential,48.77372,9.20458,213.3,666.4,50.05,0.21794034400174173,0.6909706480674221,2.5700000000000003,4.2,0.41,0,0,110000,20.0,16.0,25.0,121,273,inf,-inf
DEBW_52210004zH7,DEBW_52210004zH7,light,2,residential,48.77272,9.2072,301.4,941.9,64.0,0.2221527994723871,0.6807721575649062,2.57,4.2,0.41,0,0,110000,20.0,16.0,25.0,121,273,inf,-inf
DEBW_52210004zVF,DEBW_52210004zVF,light,2,residential,48.77173,9.20884,578.0,1806.2,121.33000000000001,0.20663873560869267,0.7222763207428786,2.57,4.2,0.44,0,0,110000,20.0,16.0,25.0,121,273,inf,-inf
DEBW_52210004zyP,DEBW_52210004zyP,light,2,residential,48.77158,9.20701,412.4,1288.8,90.25,0.207380684298812,0.7200056750110347,2.57,4.2,0.4,0,0,110000,20.0,16.0,25.0,121,273,inf,-inf
DEBW_522100050H1,DEBW_522100050H1,light,2,residential,48.77338,9.20947,53.9,116.1,18.25,0.17123287671232876,0.7168322779672025,2.57,4.2,0.5,0,0,110000,20.0,16.0,25.0,121,273,inf,-inf
DEBW_522100050Oj,DEBW_522100050Oj,light,2,residential,48.77327,9.20845,216.4,676.1,50.65,0.21337096638301456,0.7028474885844749,2.5700000000000003,4.2,0.42,0,0,110000,20.0,16.0,25.0,121,273,inf,-inf
DEBW_522100050uW,DEBW_522100050uW,light,2,residential,48.77213,9.21068,367.1,906.4,60.629999999999995,0.1633659364643117,0.7395249962617753,2.57,4.2,0.39,0,0,110000,20.0,16.0,25.0,121,273,inf,-inf
DEBW_522100050wu,DEBW_522100050wu,light,2,residential,48.77453,9.20528,430.5,1345.2,96.83000000000001,0.2035954583683768,0.731953125,2.5699999999999994,4.2,0.4,0,0,110000,20.0,16.0,25.0,121,273,inf,-inf
DEBW_522100050y5,DEBW_522100050y5,light,2,residential,48.77387,9.20408,244.4,763.7,69.32000000000001,0.20552047199739099,0.725593182946335,2.5699999999999994,4.2,0.42,0,0,110000,20.0,16.0,25.0,121,273,inf,-inf
DEBW_5221000518C,DEBW_5221000518C,light,2,residential,48.77497,9.20527,548.3,1482.5,98.42000000000002,0.18000256049161442,0.7383061049011178,2.57,4.2,0.42,0,0,110000,20.0,16.0,25.0,121,273,inf,-inf
DEBW_522100051DN,DEBW_522100051DN,light,2,residential,48.77282,9.20901,163.8,511.8,39.17,0.21073868833055362,0.7101623299116734,2.57,4.2,0.43,0,0,110000,20.0,16.0,25.0,121,273,inf,-inf
DEBW_522100051Hd,DEBW_522100051Hd,light,2,residential,48.77469,9.20432,311.1,972.2,35.99,0.25946218729723886,0.6136089015997854,2.57,4.2,0.41,0,0,110000,20.0,16.0,25.0,121,273,inf,-inf
DEBW_522100053Xz,DEBW_522100053Xz,light,2,residential,48.7714,9.21225,69.2,142.7,19.83,0.27001633986928103,0.6532106766256591,2.5700000000000003,4.2,0.41,0,0,110000,20.0,16.0,25.0,121,273,inf,-inf
DEBW_522100054BV,DEBW_522100054BV,light,2,residential,48.7709,9.20844,216.2,675.7,49.559999999999995,0.22054111783552866,0.6848245135479181,2.5700000000000003,4.2,0.43,0,0,110000,20.0,16.0,25.0,121,273,inf,-inf
DEBW_522100054Ih,DEBW_522100054Ih,light,2,residential,48.77124,9.21071,697.1,2178.5,109.72,0.22536252721521585,0.6734692790626361,2.57,4.2,0.46,0,0,110000,20.0,16.0,25.0,121,273,inf,-inf
DEBW_52210005J24,DEBW_52210005J24,light,2,residential,48.77442,9.20422,559.7,1553.9,116.68,0.19413663438820672,0.7654038987569681,2.5700000000000003,4.2,0.39,0,0,110000,20.0,16.0,25.0,121,273,inf,-inf
DEBW_52210005JLO,DEBW_52210005JLO,light,2,residential,48.77399,9.20412,251.3,785.4,71.78,0.20517364584822065,0.7268137908950205,2.57,4.2,0.4,0,0,110000,20.0,16.0,25.0,121,273,inf,-inf
DEBW_52210005JMk,DEBW_52210005JMk,light,2,residential,48.77167,9.21199,255.3,797.9,55.55,0.1630993276373352,0.7403489574827155,2.57,4.2,0.48,0,0,110000,20.0,16.0,25.0,121,273,inf,-inf
DEBW_52210005JOp,DEBW_52210005JOp,light,2,residential,48.77364,9.20745,371.7,1161.6,74.66,0.21533225657591137,0.6976965462953854,2.5700000000000003,4.2,0.4,0,0,110000,20.0,16.0,25.0,121,273,inf,-inf
DEBW_52210005JfZ,DEBW_52210005JfZ,light,2,residential,48.77119,9.20784,400.9,1253.0,90.07,0.21236413363827128,0.7056782405974705,2.57,4.2,0.45,0,0,110000,20.0,16.0,25.0,121,273,inf,-inf
DEBW_52210005Jkv,DEBW_52210005Jkv,light,2,residential,48.7716,9.21262,253.5,792.2,46.419999999999995,0.1400132714001327,0.7430177027583368,2.5700000000000003,4.2,0.38,0,0,110000,20.0,16.0,25.0,121,273,inf,-inf
DEBW_52210005JtI,DEBW_52210005JtI,light,2,residential,48.77207,9.21167,601.6,1880.0,124.79,0.20810819825228472,0.7177965998969665,2.57,4.2,0.4,0,0,110000,20.0,16.0,25.0,121,273,inf,-inf
DEBW_52210005K5d,DEBW_52210005K5d,light,2,residential,48.77332,9.20673,183.4,573.2,44.14,0.1716908475631102,0.7156184823793715,2.57,4.2,0.41,0,0,110000,20.0,16.0,25.0,121,273,inf,-inf
DEBW_52210005K93,DEBW_52210005K93,light,2,residential,48.77201,9.20813,426.0,1331.4,98.30000000000001,0.2113387655064176,0.7084816853292845,2.57,4.2,0.39,0,0,110000,20.0,16.0,25.0,121,273,inf,-inf
DEBW_52210005KEF,DEBW_52210005KEF,light,2,residential,48.77072,9.21047,2050.4,6407.4,282.49999999999994,0.21335246582584394,0.7029434577816794,2.57,4.2,0.42,0,0,110000,20.0,16.0,25.0,121,273,inf,-inf
DEBW_52210005KUx,DEBW_52210005KUx,light,2,residential,48.77259,9.20458,352.9,1102.9,91.74000000000001,0.2074298505437855,0.7199818001323626,2.57,4.2,0.39,0,0,110000,20.0,16.0,25.0,121,273,inf,-inf
DEBW_52210005KXK,DEBW_52210005KXK,light,2,residential,48.77242,9.2042,176.3,550.8,43.449999999999996,0.2073985680190931,0.719765290986825,2.57,4.2,0.43,0,0,110000,20.0,16.0,25.0,121,273,inf,-inf
DEBW_52210005Kf7,DEBW_52210005Kf7,light,2,residential,48.77332,9.20444,232.7,727.1,76.73999999999998,0.19757981462409882,0.7523707687931525,2.5700000000000003,4.2,0.42,0,0,110000,20.0,16.0,25.0,121,273,inf,-inf
DEBW_52210005KyO,DEBW_52210005KyO,light,2,residential,48.77177,9.21056,406.1,1269.1,97.44000000000001,0.21090452587606334,0.7097498465316144,2.57,4.2,0.45,0,0,110000,20.0,16.0,25.0,121,273,inf,-inf
DEBW_52210005L39,DEBW_52210005L39,light,2,residential,48.7708,9.2117,457.2,1428.9,107.13000000000001,0.20927915608517292,0.7143933884878186,2.57,4.2,0.44,0,0,110000,20.0,16.0,25.0,121,273,inf,-inf
DEBW_52210005L4M,DEBW_52210005L4M,light,2,residential,48.77176,9.2132,226.6,708.0,57.56,0.21251615285213216,0.7051507724062307,2.57,4.2,0.43,0,0,110000,20.0,16.0,25.0,121,273,inf,-inf
DEBW_52210005LJS,DEBW_52210005LJS,light,2,residential,48.77268,9.2092,300.0,937.3,72.72000000000001,0.2078605116478491,0.7185493401358773,2.569999999999999,4.2,0.39,0,0,110000,20.0,16.0,25.0,121,273,inf,-inf
DEBW_52210005LZh,DEBW_52210005LZh,light,2,residential,48.77162,9.21017,313.7,980.2,75.4,0.21214934863959936,0.7061984612349576,2.57,4.2,0.46,0,0,110000,20.0,16.0,25.0,121,273,inf,-inf
DEBW_52210005M2x,DEBW_52210005M2x,light,2,residential,48.77144,9.21363,415.8,1299.2,91.99000000000001,0.2167173180672368,0.6940878492424393,2.5699999999999994,4.2,0.4,0,0,110000,20.0,16.0,25.0,121,273,inf,-inf
DEBW_52210005MRo,DEBW_52210005MRo,light,2,residential,48.77367,9.20401,163.5,511.0,57.42,0.3099093264248704,0.6635555758516759,2.57,4.2,0.38,0,0,110000,20.0,16.0,25.0,121,273,inf,-inf
DEBW_52210005MSz,DEBW_52210005MSz,light,2,residential,48.77345,9.20445,267.2,835.1,59.95,0.22079404832056568,0.684023713042173,2.5700000000000003,4.2,0.45,0,0,110000,20.0,16.0,25.0,121,273,inf,-inf
DEBW_52210005MV3,DEBW_52210005MV3,light,2,residential,48.7729,9.20453,701.9,2193.4,158.60000000000002,0.2025646265454174,0.7351128242092532,2.5699999999999994,4.2,0.42,0,0,110000,20.0,16.0,25.0,121,273,inf,-inf
DEBW_52210005Mki,DEBW_52210005Mki,light,2,residential,48.77148,9.20957,451.2,1409.9,102.59000000000002,0.21109922219021363,0.7091590060981159,2.5699999999999994,4.2,0.39,0,0,110000,20.0,16.0,25.0,121,273,inf,-inf
DEBW_52210005N87,DEBW_52210005N87,light,2,residential,48.77178,9.20973,297.1,928.5,75.08000000000001,0.21045550105115632,0.7109886026386012,2.57,4.2,0.39,0,0,110000,20.0,16.0,25.0,121,273,inf,-inf
DEBW_52210005PFV,DEBW_52210005PFV,light,2,residential,48.77087,9.20851,220.9,690.4,52.089999999999996,0.21165332574864898,0.7075084030608596,2.57,4.2,0.47,0,0,110000,20.0,16.0,25.0,121,273,inf,-inf
DEBW_52210005PRs,DEBW_52210005PRs,light,2,residential,48.77082,9.20982,364.1,1137.7,136.96999999999997,0.2214229133998286,0.6826100468116911,2.5700000000000007,4.2,0.43,0,0,110000,20.0,16.0,25.0,121,273,inf,-inf
DEBW_52210005Q4u,DEBW_52210005Q4u,light,2,residential,48.77076,9.20896,256.6,802.0,75.84,0.3097533082829603,0.6639910003461406,2.57,4.2,0.46,0,0,110000,20.0,16.0,25.0,121,273,inf,-inf
DEBW_52210005dgg,DEBW_52210005dgg,light,2,residential,48.77374,9.20404,165.1,515.8,44.06,0.2231790092189241,0.678446802478636,2.5699999999999994,4.2,0.45,0,0,110000,20.0,16.0,25.0,121,273,inf,-inf
DEBW_52210005diH,DEBW_52210005diH,light,2,residential,48.77235,9.2092,420.5,1314.0,101.47999999999999,0.21084562642842303,0.7099071446995098,2.57,4.2,0.4,0,0,110000,20.0,16.0,25.0,121,273,inf,-inf
DEBW_52210005djN,DEBW_52210005djN,light,2,residential,48.77351,9.20818,440.9,1377.7,92.55000000000001,0.21520753400767353,0.6980752199209674,2.57,4.2,0.39,0,0,110000,20.0,16.0,25.0,121,273,inf,-inf
DEBW_52210005dnU,DEBW_52210005dnU,light,2,residential,48.77144,9.21143,157.6,492.4,41.540000000000006,0.17248681642652497,0.7135153110218015,2.57,4.2,0.41,0,0,110000,20.0,16.0,25.0,121,273,inf,-inf
DEBW_52210005doZ,DEBW_52210005doZ,light,2,residential,48.77143,9.212,324.2,1013.1,77.61999999999999,0.20982348011786012,0.7128760826438282,2.5700000000000003,4.2,0.4,0,0,110000,20.0,16.0,25.0,121,273,inf,-inf
DEBW_52210005eg5,DEBW_52210005eg5,light,2,residential,48.77305,9.20766,310.4,970.0,74.52000000000001,0.209744152664021,0.7131841448347158,2.569999999999999,4.2,0.41,0,0,110000,20.0,16.0,25.0,121,273,inf,-inf
DEBW_52210005ej5,DEBW_52210005ej5,light,2,residential,48.77196,9.2092,348.9,1090.4,78.85,0.21947281988476633,0.687325074558385,2.5700000000000003,4.2,0.42,0,0,110000,20.0,16.0,25.0,121,273,inf,-inf
DEBW_52210005elC,DEBW_52210005elC,light,2,residential,48.77167,9.20659,355.5,1111.0,72.02,0.21319045645610088,0.7033864746721522,2.57,4.2,0.45,0,0,110000,20.0,16.0,25.0,121,273,inf,-inf
DEBW_52210005ela,DEBW_52210005ela,light,2,residential,48.77139,9.20745,301.5,942.2,79.31,0.21161183596147176,0.7077916186805179,2.57,4.2,0.42,0,0,110000,20.0,16.0,25.0,121,273,inf,-inf
DEBW_52210005ely,DEBW_52210005ely,light,2,residential,48.7757,9.20728,99.3,355.9,33.38,0.1836588720770289,0.6864182328796716,2.5699999999999994,4.2,0.43,0,0,110000,20.0,16.0,25.0,121,273,inf,-inf
DEBW_52210005em7,DEBW_52210005em7,light,2,residential,48.7727,9.20857,831.7,2599.0,143.67999999999998,0.22482318332603113,0.6746600982788847,2.5700000000000007,4.2,0.43,0,0,110000,20.0,16.0,25.0,121,273,inf,-inf
DEBW_52210005enf,DEBW_52210005enf,light,2,residential,48.77177,9.20479,863.9,2699.8,124.56,0.21571819472827403,0.7233246971191357,2.57,4.2,0.42,0,0,110000,20.0,16.0,25.0,121,273,inf,-inf
DEBW_52210005evc,DEBW_52210005evc,light,2,residential,48.77191,9.20834,411.7,1286.5,81.05000000000001,0.21285815584210946,0.704387201611242,2.5699999999999994,4.2,0.42,0,0,110000,20.0,16.0,25.0,121,273,inf,-inf
DEBW_52210005fBS,DEBW_52210005fBS,light,2,residential,48.77488,9.20451,363.3,936.4,73.41,0.19771074602747107,0.7520258364412734,2.5700000000000003,4.2,0.41,0,0,110000,20.0,16.0,25.0,121,273,inf,-inf
DEBW_52210005fRL,DEBW_52210005fRL,light,2,residential,48.7722,9.20771,215.2,672.4,47.8,0.18610083706443448,0.6811639083290781,2.5700000000000003,4.2,0.46,0,0,110000,20.0,16.0,25.0,121,273,inf,-inf
DEBW_52210005fRo,DEBW_52210005fRo,light,2,residential,48.77226,9.20846,325.1,1016.0,63.08,0.22880771881461062,0.6660169844309382,2.5700000000000003,4.2,0.41,0,0,110000,20.0,16.0,25.0,121,273,inf,-inf
DEBW_52210005fiS,DEBW_52210005fiS,light,2,residential,48.77207,9.20999,208.6,652.0,45.41,0.18347474747474746,0.6869566737658539,2.5700000000000003,4.2,0.44,0,0,110000,20.0,16.0,25.0,121,273,inf,-inf
DEBW_52210005g5H,DEBW_52210005g5H,light,2,residential,48.77457,9.20455,85.5,196.5,21.11,0.1730327868852459,0.7121900566393958,2.57,4.2,0.46,0,0,110000,20.0,16.0,25.0,121,273,inf,-inf
DEBW_52210005gBZ,DEBW_52210005gBZ,light,2,residential,48.77191,9.21042,233.5,729.6,64.45,0.21481185214811852,0.6991266350602615,2.57,4.2,0.43,0,0,110000,20.0,16.0,25.0,121,273,inf,-inf
DEBW_52210005gOD,DEBW_52210005gOD,light,2,residential,48.77338,9.20832,378.2,1181.8,88.58,0.2112014496554684,0.7089225191805074,2.57,4.2,0.4,0,0,110000,20.0,16.0,25.0,121,273,inf,-inf
DEBW_52210005gvh,DEBW_52210005gvh,light,2,residential,48.77201,9.2119,335.5,1048.4,52.059999999999995,0.1833227692090992,0.6872387211269168,2.57,4.2,0.43,0,0,110000,20.0,16.0,25.0,121,273,inf,-inf
DEBW_52210005gwl,DEBW_52210005gwl,light,2,residential,48.77327,9.20797,53.1,166.0,25.97,0.27004263283768326,0.6919907138711551,2.57,4.2,0.46,0,0,110000,20.0,16.0,25.0,121,273,inf,-inf
DEBW_52210005gxN,DEBW_52210005gxN,light,2,residential,48.77206,9.21089,194.3,607.3,50.440000000000005,0.3054008234439332,0.6757451935950302,2.57,4.2,0.43,0,0,110000,20.0,16.0,25.0,121,273,inf,-inf
DEBW_52210005hG5,DEBW_52210005hG5,light,2,residential,48.77162,9.20911,324.7,1014.7,61.879999999999995,0.21887379739671756,0.6887008727230128,2.5700000000000003,4.2,0.45,0,0,110000,20.0,16.0,25.0,121,273,inf,-inf
DEBW_52210005hJf,DEBW_52210005hJf,light,2,residential,48.77308,9.20453,181.4,566.8,67.53999999999999,0.20422109337203673,0.7299031394222552,2.57,4.2,0.43,0,0,110000,20.0,16.0,25.0,121,273,inf,-inf
DEBW_52210005jPg,DEBW_52210005jPg,light,2,residential,48.77134,9.21221,333.6,1042.4,81.27,0.2068307332094775,0.7217208779894229,2.5699999999999994,4.2,0.43,0,0,110000,20.0,16.0,25.0,121,273,inf,-inf
DEBW_52210005k39,DEBW_52210005k39,light,2,residential,48.77126,9.21051,525.2,1641.4,88.31,0.2193710254372019,0.6874079003952245,2.57,4.2,0.4,0,0,110000,20.0,16.0,25.0,121,273,inf,-inf
DEBW_52210005k3y,DEBW_52210005k3y,light,2,residential,48.77127,9.21102,326.4,1019.9,71.42999999999999,0.21317933566120512,0.7032870322380015,2.5700000000000003,4.2,0.43,0,0,110000,20.0,16.0,25.0,121,273,inf,-inf
DEBW_52210005xLD,DEBW_52210005xLD,light,2,residential,48.77339,9.21124,317.3,991.4,77.39,0.20547472387425664,0.7258916299995056,2.57,4.2,0.39,0,0,110000,20.0,16.0,25.0,121,273,inf,-inf
DEBW_52210005xM5,DEBW_52210005xM5,light,2,residential,48.77246,9.2097,380.5,1189.0,92.05,0.20833804857071722,0.7171049823524583,2.57,4.2,0.4,0,0,110000,20.0,16.0,25.0,121,273,inf,-inf
DEBW_52210005xO2,DEBW_52210005xO2,light,2,residential,48.77315,9.20728,223.3,697.7,45.24000000000001,0.1749419953596288,0.7071089031755308,2.5699999999999994,4.2,0.4,0,0,110000,20.0,16.0,25.0,121,273,inf,-inf
DEBW_52210005xRe,DEBW_52210005xRe,light,2,residential,48.77312,9.20718,76.6,239.3,25.69,0.2699947451392538,0.6946704814522493,2.5699999999999994,4.2,0.46,0,0,110000,20.0,16.0,25.0,121,273,inf,-inf
DEBW_52210005xix,DEBW_52210005xix,light,2,residential,48.7741,9.20416,202.1,631.4,62.17,0.2072057059058792,0.7205903551904222,2.5699999999999994,4.2,0.45,0,0,110000,20.0,16.0,25.0,121,273,inf,-inf
DEBW_52210005xzK,DEBW_52210005xzK,light,2,residential,48.77306,9.2071,230.0,718.7,48.059999999999995,0.17496086497506277,0.7070029945608994,2.57,4.2,0.43,0,0,110000,20.0,16.0,25.0,121,273,inf,-inf
DEBW_52210005y1r,DEBW_52210005y1r,light,2,residential,48.77128,9.20765,356.9,1115.3,92.66,0.20695970695970695,0.7213312820512819,2.57,4.2,0.45,0,0,110000,20.0,16.0,25.0,121,273,inf,-inf
DEBW_52210005y86,DEBW_52210005y86,light,2,residential,48.77159,9.21217,283.8,886.7,75.08,0.2105558359975321,0.7107559966089861,2.57,4.2,0.4,0,0,110000,20.0,16.0,25.0,121,273,inf,-inf
DEBW_52210005yG0,DEBW_52210005yG0,light,2,residential,48.77255,9.20427,423.5,1323.5,102.5,0.20676160890789527,0.7219322210055493,2.5700000000000003,4.2,0.43,0,0,110000,20.0,16.0,25.0,121,273,inf,-inf
DEBW_52210005yIg,DEBW_52210005yIg,light,2,residential,48.77401,9.20477,309.5,967.1,60.85,0.21984175728891944,0.6862553772213489,2.5699999999999994,4.2,0.45,0,0,110000,20.0,16.0,25.0,121,273,inf,-inf
DEBW_52210005yi4,DEBW_52210005yi4,light,2,residential,48.77236,9.20424,136.3,426.0,26.44,0.2241247774858015,0.676313240043057,2.57,4.2,0.43,0,0,110000,20.0,16.0,25.0,121,273,inf,-inf
DEBW_52210005yjZ,DEBW_52210005yjZ,light,2,residential,48.77214,9.20438,423.5,1323.4,93.53,0.21512029072174435,0.6982413976064612,2.57,4.2,0.41,0,0,110000,20.0,16.0,25.0,121,273,inf,-inf
DEBW_52210005ylp,DEBW_52210005ylp,light,2,residential,48.77186,9.20845,386.7,1208.5,69.61999999999999,0.21887575452716296,0.6886441119063109,2.5700000000000003,4.2,0.43,0,0,110000,20.0,16.0,25.0,121,273,inf,-inf
DEBW_52210005ynV,DEBW_52210005ynV,light,2,residential,48.77266,9.20698,84.6,189.3,26.22,0.31229156741305386,0.6573899773555183,2.5700000000000003,4.2,0.5,0,0,110000,20.0,16.0,25.0,121,273,inf,-inf
DEBW_52210005yqw,DEBW_52210005yqw,light,2,residential,48.77135,9.21003,419.1,1309.8,99.47999999999999,0.21088781480539304,0.7098376184032477,2.57,4.2,0.39,0,0,110000,20.0,16.0,25.0,121,273,inf,-inf
DEBW_52210005yrw,DEBW_52210005yrw,light,2,residential,48.77387,9.20468,605.2,1891.1,123.44999999999999,0.21654095772671464,0.6945325594480144,2.57,4.2,0.44,0,0,110000,20.0,16.0,25.0,121,273,inf,-inf
DEBW_52210005zVK,DEBW_52210005zVK,light,2,residential,48.77229,9.20429,299.3,753.5,79.94,0.29186899850304865,0.7194128180258152,2.5700000000000003,4.2,0.44,0,0,110000,20.0,16.0,25.0,121,273,inf,-inf
DEBW_52210005zd7,DEBW_52210005zd7,light,2,residential,48.77302,9.20822,338.7,1058.5,59.580000000000005,0.21659941105900318,0.6943724696356274,2.5699999999999994,4.2,0.39,0,0,110000,20.0,16.0,25.0,121,273,inf,-inf
DEBW_52210005zmV,DEBW_52210005zmV,light,2,residential,48.77198,9.21021,641.1,1555.8,83.85999999999999,0.17079081892425813,0.7180438627520339,2.5700000000000003,4.2,0.42,0,0,110000,20.0,16.0,25.0,121,273,inf,-inf
DEBW_522100060Iy,DEBW_522100060Iy,light,2,residential,48.77223,9.21041,385.1,1203.5,85.25,0.20805876897544787,0.718032310321106,2.57,4.2,0.39,0,0,110000,20.0,16.0,25.0,121,273,inf,-inf
DEBW_522100060Oq,DEBW_522100060Oq,light,2,residential,48.77199,9.21215,294.6,920.8,50.4,0.17753980555164153,0.7007328385899814,2.57,4.2,0.39,0,0,110000,20.0,16.0,25.0,121,273,inf,-inf
DEBW_522100060XU,DEBW_522100060XU,light,2,residential,48.7735,9.20928,169.3,529.0,42.87,0.17874416277518343,0.6976495566803682,2.5700000000000003,4.2,0.43,0,0,110000,20.0,16.0,25.0,121,273,inf,-inf
DEBW_522100060Xf,DEBW_522100060Xf,light,2,residential,48.77295,9.20886,482.1,1506.6,97.59,0.21587842321815692,0.6963185574755824,2.5699999999999994,4.2,0.4,0,0,110000,20.0,16.0,25.0,121,273,inf,-inf
DEBW_522100060Xq,DEBW_522100060Xq,light,2,residential,48.77311,9.20421,167.8,524.4,44.51,0.17325133315168736,0.7115016069712734,2.57,4.2,0.46,0,0,110000,20.0,16.0,25.0,121,273,inf,-inf
DEBW_522100060vu,DEBW_522100060vu,light,2,residential,48.77364,9.20801,297.7,930.4,58.26,0.21231778425655978,0.7057855114995695,2.5700000000000003,4.2,0.4,0,0,110000,20.0,16.0,25.0,121,273,inf,-inf
DEBW_5221000619W,DEBW_5221000619W,light,2,residential,48.7722,9.20857,304.2,950.7,58.17999999999999,0.2307265228426396,0.6621237323122028,2.5699999999999994,4.2,0.42,0,0,110000,20.0,16.0,25.0,121,273,inf,-inf
DEBW_5221000629z,DEBW_5221000629z,light,2,residential,48.77462,9.21298,77.5,350.7,35.07,0.2102391942929081,0.6372361176655655,2.57,4.2,0.45,0,0,110000,20.0,16.0,25.0,121,273,inf,-inf
DEBW_522100063eT,DEBW_522100063eT,light,2,residential,48.77075,9.21102,3143.4,8185.4,290.53000000000003,0.1800039652544578,0.699216444002797,2.57,4.2,0.44,0,0,110000,20.0,16.0,25.0,121,273,inf,-inf
DEBW_5221000647b,DEBW_5221000647b,light,2,residential,48.77086,9.20962,334.4,1044.9,75.96,0.20853809196980094,0.716542093231289,2.57,4.2,0.44,0,0,110000,20.0,16.0,25.0,121,273,inf,-inf
DEBW_522100064GG,DEBW_522100064GG,light,2,residential,48.77436,9.21289,350.2,1094.3,93.17999999999999,0.20602281772353406,0.7242297056473912,2.57,4.2,0.41,0,0,110000,20.0,16.0,25.0,121,273,inf,-inf
DEBW_52210006GkA,DEBW_52210006GkA,light,2,residential,48.77294,9.20748,360.6,1126.7,78.03000000000002,0.21200347769385428,0.7066339986169731,2.5699999999999994,4.2,0.41,0,0,110000,20.0,16.0,25.0,121,273,inf,-inf
DEBW_52210006HCZ,DEBW_52210006HCZ,light,2,residential,48.77152,9.21291,550.0,1718.8,108.92,0.21531223436851368,0.6977571669477236,2.57,4.2,0.45,0,0,110000,20.0,16.0,25.0,121,273,inf,-inf
DEBW_52210006HXy,DEBW_52210006HXy,light,2,residential,48.7726,9.20792,192.3,600.8,46.97999999999999,0.19992340099578704,0.65424856870229,2.5700000000000007,4.2,0.43,0,0,110000,20.0,16.0,25.0,121,273,inf,-inf
DEBW_52210006Hkl,DEBW_52210006Hkl,light,2,residential,48.77298,9.20693,316.7,989.8,57.05,0.1705071879016109,0.7187507477826618,2.5700000000000003,4.2,0.43,0,0,110000,20.0,16.0,25.0,121,273,inf,-inf
DEBW_52210006Hwg,DEBW_52210006Hwg,light,2,residential,48.77168,9.20628,851.2,2105.4,179.73999999999998,0.2983434584868705,0.6970414883368342,2.5700000000000003,4.2,0.41,0,0,110000,20.0,16.0,25.0,121,273,inf,-inf
DEBW_52210006I2P,DEBW_52210006I2P,light,2,residential,48.7717,9.20506,311.4,973.1,80.59,0.21598949399656947,0.6959061470287468,2.5699999999999994,4.2,0.43,0,0,110000,20.0,16.0,25.0,121,273,inf,-inf
DEBW_52210006I2R,DEBW_52210006I2R,light,2,residential,48.77203,9.20895,581.3,1816.4,122.58000000000001,0.21190747847733638,0.7069076579654686,2.57,4.2,0.45,0,0,110000,20.0,16.0,25.0,121,273,inf,-inf
DEBW_52210006Id7,DEBW_52210006Id7,light,2,residential,48.77313,9.20484,239.4,748.1,76.6,0.20419587876202916,0.7300150746193658,2.57,4.2,0.46,0,0,110000,20.0,16.0,25.0,121,273,inf,-inf
DEBW_52210006IeR,DEBW_52210006IeR,light,2,residential,48.77246,9.20445,136.9,428.0,49.56,0.20135700646000082,0.7390844765910609,2.57,4.2,0.45,0,0,110000,20.0,16.0,25.0,121,273,inf,-inf
DEBW_52210006InL,DEBW_52210006InL,light,2,residential,48.77461,9.20567,246.9,771.5,77.77999999999999,0.20071740084126857,0.7414272786687446,2.57,4.2,0.46,0,0,110000,20.0,16.0,25.0,121,273,inf,-inf
DEBW_52210006Iok,DEBW_52210006Iok,light,2,residential,48.77492,9.20467,246.1,769.0,54.54,0.17930762402603806,0.6964638539748618,2.57,4.2,0.41,0,0,110000,20.0,16.0,25.0,121,273,inf,-inf
DEBW_52210006Isp,DEBW_52210006Isp,light,2,residential,48.77446,9.2058,212.9,665.2,70.16000000000001,0.21032435997361956,0.7112963852848524,2.57,4.2,0.44,0,0,110000,20.0,16.0,25.0,121,273,inf,-inf
DEBW_52210006IxM,DEBW_52210006IxM,light,2,residential,48.77192,9.20459,1406.2,4394.4,217.86999999999998,0.21852119315560367,0.7154670963336748,2.5700000000000003,4.2,0.4,0,0,110000,20.0,16.0,25.0,121,273,inf,-inf
DEBW_52210006J1X,DEBW_52210006J1X,light,2,residential,48.77211,9.21095,211.3,660.2,53.949999999999996,0.3055964653902798,0.6750942170240416,2.5700000000000003,4.2,0.43,0,0,110000,20.0,16.0,25.0,121,273,inf,-inf
DEBW_52210006J9b,DEBW_52210006J9b,light,2,residential,48.77472,9.20611,615.6,1923.8,130.58,0.21008092411152404,0.7121578909561095,2.569999999999999,4.2,0.41,0,0,110000,20.0,16.0,25.0,121,273,inf,-inf
DEBW_52210006JsB,DEBW_52210006JsB,light,2,residential,48.7727,9.20422,434.9,1359.2,92.3,0.21401905998562384,0.7012682311986076,2.5699999999999994,4.2,0.42,0,0,110000,20.0,16.0,25.0,121,273,inf,-inf
DEBW_52210006KHx,DEBW_52210006KHx,light,2,residential,48.77338,9.20395,399.6,1248.6,96.35,0.2102931226400681,0.7114569922794187,2.5700000000000003,4.2,0.39,0,0,110000,20.0,16.0,25.0,121,273,inf,-inf
DEBW_52210006KZK,DEBW_52210006KZK,light,2,residential,48.7726,9.20936,207.8,649.4,63.72,0.21989854022155503,0.6862634621924951,2.5700000000000003,4.2,0.43,0,0,110000,20.0,16.0,25.0,121,273,inf,-inf
DEBW_52210006KbP,DEBW_52210006KbP,light,2,residential,48.77584,9.2084,285.1,890.8,74.84,0.20735897151723376,0.7200316816626536,2.57,4.2,0.4,0,0,110000,20.0,16.0,25.0,121,273,inf,-inf
DEBW_52210006KcE,DEBW_52210006KcE,light,2,residential,48.77141,9.2098,399.2,1247.5,78.95,0.21762500689122882,0.6917935296423547,2.5699999999999994,4.2,0.46,0,0,110000,20.0,16.0,25.0,121,273,inf,-inf
DEBW_52210006Krt,DEBW_52210006Krt,light,2,residential,48.77351,9.20395,166.7,521.1,53.129999999999995,0.31677796327212016,0.6470367915147497,2.5700000000000003,4.2,0.39,0,0,110000,20.0,16.0,25.0,121,273,inf,-inf
DEBW_52210006NMW,DEBW_52210006NMW,light,2,residential,48.77126,9.21238,328.3,1026.0,83.72,0.2089917371876482,0.7151922687487343,2.57,4.2,0.39,0,0,110000,20.0,16.0,25.0,121,273,inf,-inf
DEBW_52210006NNm,DEBW_52210006NNm,light,2,residential,48.7708,9.20883,273.0,853.3,57.809999999999995,0.3214345287739783,0.6367598475222362,2.5700000000000003,4.2,0.46,0,0,110000,20.0,16.0,25.0,121,273,inf,-inf
DEBW_5221Us0004K,DEBW_5221Us0004K,light,2,residential,48.77467,9.20589,298.1,931.6,106.33,0.2960683855877931,0.7045770995682749,2.5699999999999994,4.2,0.45,0,0,110000,20.0,16.0,25.0,121,273,inf,-inf
DEBW_522Ue00002q,DEBW_522Ue00002q,light,2,residential,48.7725,9.20892,238.4,744.9,74.96,0.2110598040319856,0.7093131806514318,2.5700000000000003,4.2,0.43,0,0,110000,20.0,16.0,25.0,121,273,inf,-inf
