Building ID,Building ID [filename],Thermal class,Thermal class index,Thermal capacitance [J/m2K],Annual Solar Gains [kWh],Annual Heating Demand Sim [kWh],Annual Cooling Demand Sim [kWh],Heated area [m2],Internal gains [W/m2],Usage type
DEBW_52210003qpi,DEBW_52210003qpi,medium,3,165000,28278.967569969496,38782.784007102164,4553.61452220373,568.6,4.2,residential
DEBW_52210003qta,DEBW_52210003qta,medium,3,165000,16620.326178845804,20166.08031997154,2746.386466339503,219.5,4.2,residential
DEBW_52210003qwF,DEBW_52210003qwF,medium,3,165000,17610.00280743508,21976.664862474143,2963.0008599849716,260.9,4.2,residential
DEBW_52210003rFb,DEBW_52210003rFb,medium,3,165000,22296.56402843817,30601.17480763897,3982.9583925196,530.3,4.2,residential
DEBW_52210003rIo,DEBW_52210003rIo,medium,3,165000,17010.2834418844,15462.262048464649,3405.465978007033,166.8,4.2,residential
DEBW_52210003rgE,DEBW_52210003rgE,medium,3,165000,9380.49139663617,12487.13748167045,1465.710382377647,117.3,4.2,residential
DEBW_52210003sTZ,DEBW_52210003sTZ,medium,3,165000,14357.184003119408,20618.410408467298,2085.543687320909,221.4,4.2,residential
DEBW_52210003sUv,DEBW_52210003sUv,medium,3,165000,10615.068582071088,10125.964902224865,2455.3424076734295,153.1,4.2,residential
DEBW_52210003snr,DEBW_52210003snr,medium,3,165000,20781.872466670546,25217.52848501049,3367.6983899081406,266.4,4.2,residential
DEBW_52210003t47,DEBW_52210003t47,medium,3,165000,7521.491483816904,9894.781450454153,1178.0970987694338,67.9,4.2,residential
DEBW_52210003t7f,DEBW_52210003t7f,medium,3,165000,18642.417007585973,22790.932415404142,3299.850489757766,308.8,4.2,residential
DEBW_52210003tNq,DEBW_52210003tNq,medium,3,165000,21105.965549416727,25131.57652228175,3472.2888270596873,244.1,4.2,residential
DEBW_52210003tQY,DEBW_52210003tQY,medium,3,165000,23430.206655419595,28983.97847056041,4316.594473995805,449.8,4.2,residential
DEBW_52210003u4h,DEBW_52210003u4h,medium,3,165000,12401.61571007501,16979.66654841223,2147.0579903400003,225.6,4.2,residential
DEBW_52210003uBM,DEBW_52210003uBM,medium,3,165000,33908.73270697577,44608.5640102877,5618.910730753508,581.4,4.2,residential
DEBW_52210003uZg,DEBW_52210003uZg,medium,3,165000,22859.11594284235,28206.743637277577,3723.8494626844076,311.6,4.2,residential
DEBW_52210003udj,DEBW_52210003udj,medium,3,165000,11231.116170511239,15198.086471206472,1665.3206801475287,126.9,4.2,residential
DEBW_52210003uss,DEBW_52210003uss,medium,3,165000,15732.049046890646,27926.157359914127,2239.641838867971,426.3,4.2,residential
DEBW_52210003uzO,DEBW_52210003uzO,medium,3,165000,26156.026531336563,32532.472623654925,4387.996179029571,414.7,4.2,residential
DEBW_52210003v4C,DEBW_52210003v4C,medium,3,165000,15402.996879878983,19098.922229812124,2571.6418011226197,238.3,4.2,residential
DEBW_52210003vBM,DEBW_52210003vBM,medium,3,165000,26589.979445848443,32736.195395496696,4302.200484769232,376.4,4.2,residential
DEBW_52210003xIr,DEBW_52210003xIr,medium,3,165000,18488.57010831863,16599.345258385474,3845.930742288375,191.6,4.2,residential
DEBW_52210003xN2,DEBW_52210003xN2,medium,3,165000,25417.317598591933,31552.097415808938,4023.3217706155247,317.1,4.2,residential
DEBW_52210003xXe,DEBW_52210003xXe,medium,3,165000,37797.33523487425,47019.11737470436,6747.008799849165,697.5,4.2,residential
DEBW_52210004EqD,DEBW_52210004EqD,medium,3,165000,21580.5734996826,27409.545527080885,3329.1981494135493,299.0,4.2,residential
DEBW_52210004FOx,DEBW_52210004FOx,medium,3,165000,14694.222455525987,20285.14613283786,2225.402187967016,228.5,4.2,residential
DEBW_52210004FT7,DEBW_52210004FT7,medium,3,165000,25022.732413354875,30641.94696135713,4440.897047949645,431.0,4.2,residential
DEBW_52210004Faf,DEBW_52210004Faf,medium,3,165000,19065.19058315053,23115.85004634959,3003.3121140826574,203.9,4.2,residential
DEBW_52210004Fca,DEBW_52210004Fca,medium,3,165000,8100.002999125649,9624.562941760782,1384.113035162493,74.2,4.2,residential
DEBW_52210004FnA,DEBW_52210004FnA,medium,3,165000,17070.041302756654,20516.45878934368,2760.033240170328,211.4,4.2,residential
DEBW_52210004G6k,DEBW_52210004G6k,medium,3,165000,22544.83999783381,27406.22898509536,3850.888782611175,349.6,4.2,residential
DEBW_52210004GDQ,DEBW_52210004GDQ,medium,3,165000,20255.23097468389,26666.4791341683,3438.681204502016,408.0,4.2,residential
DEBW_52210004GPg,DEBW_52210004GPg,medium,3,165000,20496.901580592013,24798.302713036035,3724.948612602858,338.7,4.2,residential
DEBW_52210004Gqv,DEBW_52210004Gqv,medium,3,165000,13982.501119147648,18194.85277648784,2216.3848344990483,157.9,4.2,residential
DEBW_52210004H20,DEBW_52210004H20,medium,3,165000,56225.51406026098,73009.48704678529,10543.868720618395,1241.4,4.2,residential
DEBW_52210004HIN,DEBW_52210004HIN,medium,3,165000,23724.167101133185,23778.672669472853,4595.4381748962805,286.3,4.2,residential
DEBW_52210004HiD,DEBW_52210004HiD,medium,3,165000,25765.6981492591,32255.016807571315,4278.31652173395,400.2,4.2,residential
DEBW_52210004Hls,DEBW_52210004Hls,medium,3,165000,17048.13477570538,22962.8878386801,2745.1670054085816,275.0,4.2,residential
DEBW_52210004HpC,DEBW_52210004HpC,medium,3,165000,21550.64841702398,26516.3711151283,3475.7768218824863,288.0,4.2,residential
DEBW_52210004HrR,DEBW_52210004HrR,medium,3,165000,28777.24027284238,35745.90246461288,4894.695284065444,466.7,4.2,residential
DEBW_52210004HxR,DEBW_52210004HxR,medium,3,165000,17503.714423524387,21008.570707622017,2879.5231832235136,227.6,4.2,residential
DEBW_52210004Hxc,DEBW_52210004Hxc,medium,3,165000,21843.03134554438,27869.58603828219,3680.7314792761417,358.6,4.2,residential
DEBW_52210004I04,DEBW_52210004I04,medium,3,165000,25217.4994408601,31075.70513852909,4152.612948808156,376.1,4.2,residential
DEBW_52210004IZi,DEBW_52210004IZi,medium,3,165000,13415.349318660968,16446.740990635262,2103.1716997011604,139.8,4.2,residential
DEBW_52210004Ihn,DEBW_52210004Ihn,medium,3,165000,34690.506553376494,44251.367753162114,5566.106932207397,527.7,4.2,residential
DEBW_52210004IuQ,DEBW_52210004IuQ,medium,3,165000,21153.2687959656,25128.065315478445,3687.72696087055,311.8,4.2,residential
DEBW_52210004KwN,DEBW_52210004KwN,medium,3,165000,16528.993636992265,20922.6694173581,2658.7016531433087,215.7,4.2,residential
DEBW_52210004L5J,DEBW_52210004L5J,medium,3,165000,31097.93000298348,39554.977419864066,5408.988554003068,561.8,4.2,residential
DEBW_52210004L7q,DEBW_52210004L7q,medium,3,165000,14956.032314873386,21433.865643612702,2145.6561563409086,220.3,4.2,residential
DEBW_52210004Lja,DEBW_52210004Lja,medium,3,165000,29526.04616157239,36810.30736622361,4987.605763655766,472.1,4.2,residential
DEBW_52210004bgQ,DEBW_52210004bgQ,medium,3,165000,25703.925293915618,31605.84424702114,4320.5949560623185,403.9,4.2,residential
DEBW_52210004cUQ,DEBW_52210004cUQ,medium,3,165000,17565.79441416015,24828.374212449864,2589.9627002316183,249.0,4.2,residential
DEBW_52210004caM,DEBW_52210004caM,medium,3,165000,53050.911279945714,47042.962017233825,12226.869782785805,888.6,4.2,residential
DEBW_52210004d3g,DEBW_52210004d3g,medium,3,165000,17499.362937905964,24188.126899125575,2917.8626148784792,340.8,4.2,residential
DEBW_52210004dF4,DEBW_52210004dF4,medium,3,165000,14951.510568070611,13125.48396000159,3021.7805961650183,136.9,4.2,residential
DEBW_52210004dGw,DEBW_52210004dGw,medium,3,165000,21139.729118388987,27525.682927657348,3628.3599661930944,410.5,4.2,residential
DEBW_52210004dNl,DEBW_52210004dNl,medium,3,165000,18226.559503243592,27100.20103110846,2600.4503435859374,304.0,4.2,residential
DEBW_52210004dQ2,DEBW_52210004dQ2,medium,3,165000,12541.208809222286,16923.079218395662,1926.300147422499,191.4,4.2,residential
DEBW_52210004dQC,DEBW_52210004dQC,medium,3,165000,43984.75485122544,57262.75515312166,7702.622759436,863.1,4.2,residential
DEBW_52210004dvl,DEBW_52210004dvl,medium,3,165000,29988.66311550129,38030.04622403718,4801.741504611431,448.1,4.2,residential
DEBW_52210004e9F,DEBW_52210004e9F,medium,3,165000,31607.30883851678,41364.61894481239,5068.962273246125,496.2,4.2,residential
DEBW_52210004eFK,DEBW_52210004eFK,medium,3,165000,46901.94383609414,58239.88669017673,8145.920182789436,805.1,4.2,residential
DEBW_52210004edl,DEBW_52210004edl,medium,3,165000,15133.301312710562,20942.897425954045,2297.2429816464187,237.7,4.2,residential
DEBW_52210004evV,DEBW_52210004evV,medium,3,165000,27142.27420206951,34689.71947934356,4300.490658799688,445.0,4.2,residential
DEBW_52210004ewN,DEBW_52210004ewN__01,medium,3,165000,15874.188330590183,18497.270385740423,2852.411483626358,227.8,4.2,residential
DEBW_52210004f3W,DEBW_52210004f3W,medium,3,165000,19405.33579910877,23869.24777630806,3055.287381844683,211.9,4.2,residential
DEBW_52210004fK1,DEBW_52210004fK1,medium,3,165000,21422.368307742086,25810.231512621856,3486.7093281283737,272.8,4.2,residential
DEBW_52210004fgD,DEBW_52210004fgD,medium,3,165000,17515.91826204892,21364.726416142374,2775.361673887727,205.6,4.2,residential
DEBW_52210004xfl,DEBW_52210004xfl,medium,3,165000,26910.08590402877,32952.80769485038,4388.746257213428,401.0,4.2,residential
DEBW_52210004xqq,DEBW_52210004xqq,medium,3,165000,22278.287320110463,29882.138672846846,4211.2066618625795,551.2,4.2,residential
DEBW_52210004xrI,DEBW_52210004xrI,medium,3,165000,19626.924945599963,23639.52674789998,3460.3617526054204,297.4,4.2,residential
DEBW_52210004xsG,DEBW_52210004xsG,medium,3,165000,11785.233625169258,16544.108645051063,1701.2565190406535,162.4,4.2,residential
DEBW_52210004xx4,DEBW_52210004xx4,medium,3,165000,21391.145173102643,21108.0331356447,4064.056938909655,245.4,4.2,residential
DEBW_52210004y9B,DEBW_52210004y9B,medium,3,165000,24941.92244445569,30626.546090516742,4183.258224183664,388.6,4.2,residential
DEBW_52210004yBG,DEBW_52210004yBG,medium,3,165000,34078.09947530279,43206.50384162094,5547.83446568777,541.5,4.2,residential
DEBW_52210004ylt,DEBW_52210004ylt,medium,3,165000,27974.00822274618,38159.661998387455,4766.727882559893,586.1,4.2,residential
DEBW_52210004yr8,DEBW_52210004yr8,medium,3,165000,17304.93766724302,21120.873657515087,2715.7261845276253,202.2,4.2,residential
DEBW_52210004zAp,DEBW_52210004zAp,medium,3,165000,9630.922495091016,13025.039087226003,1625.7912914192902,155.0,4.2,residential
DEBW_52210004zCV,DEBW_52210004zCV,medium,3,165000,6907.137114776211,4538.160685299473,1848.5621949768845,52.4,4.2,residential
DEBW_52210004zDV,DEBW_52210004zDV,medium,3,165000,13736.9997737071,18637.476541595195,2096.4265930420092,191.0,4.2,residential
DEBW_52210004zE4,DEBW_52210004zE4,medium,3,165000,15163.148646810112,17432.138856301888,2727.7805398495884,213.3,4.2,residential
DEBW_52210004zH7,DEBW_52210004zH7,medium,3,165000,18191.290064709574,23111.76877004863,3137.3616851591582,301.4,4.2,residential
DEBW_52210004zVF,DEBW_52210004zVF,medium,3,165000,34556.74061388688,44756.67041169667,5663.6018141705,578.0,4.2,residential
DEBW_52210004zyP,DEBW_52210004zyP,medium,3,165000,25647.324468288527,31711.811902746398,4310.731227408547,412.4,4.2,residential
DEBW_522100050H1,DEBW_522100050H1,medium,3,165000,5276.787656212549,6660.67327790815,840.7744806180065,53.9,4.2,residential
DEBW_522100050Oj,DEBW_522100050Oj,medium,3,165000,15459.624756056734,17813.176316206424,2829.2224510679516,216.4,4.2,residential
DEBW_522100050uW,DEBW_522100050uW,medium,3,165000,17832.214847216746,23813.55918648184,3115.7050044796943,367.1,4.2,residential
DEBW_522100050wu,DEBW_522100050wu,medium,3,165000,26663.637428920247,34233.393923906406,4422.650484052531,430.5,4.2,residential
DEBW_522100050y5,DEBW_522100050y5,medium,3,165000,19442.79933768678,23740.82458054428,3112.6783735585204,244.4,4.2,residential
DEBW_5221000518C,DEBW_5221000518C,medium,3,165000,24230.762605506352,38198.50529309487,3412.628463998436,548.3,4.2,residential
DEBW_522100051DN,DEBW_522100051DN,medium,3,165000,11914.681802130603,13869.406983715277,2192.040560095872,163.8,4.2,residential
DEBW_522100051Hd,DEBW_522100051Hd,medium,3,165000,11759.461690035329,14739.605744663444,2737.608791543911,311.1,4.2,residential
DEBW_522100053Xz,DEBW_522100053Xz,medium,3,165000,5183.492781408209,5205.064152851726,971.9451593284996,69.2,4.2,residential
DEBW_522100054BV,DEBW_522100054BV,medium,3,165000,15487.885254220866,17583.81334260365,2899.2682272543907,216.2,4.2,residential
DEBW_522100054Ih,DEBW_522100054Ih,medium,3,165000,32437.13479363608,44172.40038877885,5730.330129799433,697.1,4.2,residential
DEBW_52210005J24,DEBW_52210005J24,medium,3,165000,31268.79814427989,39834.754709918496,5290.4911841937355,559.7,4.2,residential
DEBW_52210005JLO,DEBW_52210005JLO,medium,3,165000,19770.362507812733,24155.008675367717,3125.335558733719,251.3,4.2,residential
DEBW_52210005JMk,DEBW_52210005JMk,medium,3,165000,15975.579407990908,24409.17067417801,2172.444315717961,255.3,4.2,residential
DEBW_52210005JOp,DEBW_52210005JOp,medium,3,165000,21505.289399388854,26726.79631849114,3766.543308146051,371.7,4.2,residential
DEBW_52210005JfZ,DEBW_52210005JfZ,medium,3,165000,25843.207581519597,32927.29166655312,4197.3663447307745,400.9,4.2,residential
DEBW_52210005Jkv,DEBW_52210005Jkv,medium,3,165000,11647.784098619331,22330.45775117516,1240.4100664243933,253.5,4.2,residential
DEBW_52210005JtI,DEBW_52210005JtI,medium,3,165000,35633.12454642869,44262.07303208371,6071.534926690998,601.6,4.2,residential
DEBW_52210005K5d,DEBW_52210005K5d,medium,3,165000,13059.02320803508,17951.677780625425,1989.4237639443893,183.4,4.2,residential
DEBW_52210005K93,DEBW_52210005K93,medium,3,165000,27880.96309034241,33919.004389206304,4702.748305315547,426.0,4.2,residential
DEBW_52210005KEF,DEBW_52210005KEF,medium,3,165000,83373.05224062821,111940.33111731136,15743.279139360398,2050.4,4.2,residential
DEBW_52210005KUx,DEBW_52210005KUx,medium,3,165000,25501.252613873283,31052.707883634288,4111.455132586604,352.9,4.2,residential
DEBW_52210005KXK,DEBW_52210005KXK,medium,3,165000,12842.652520636462,15329.685307375968,2268.299132707173,176.3,4.2,residential
DEBW_52210005Kf7,DEBW_52210005Kf7,medium,3,165000,20869.860261571688,25682.271519572078,3187.230720568996,232.7,4.2,residential
DEBW_52210005KyO,DEBW_52210005KyO,medium,3,165000,27646.80545733658,35104.9907720937,4411.402837275272,406.1,4.2,residential
DEBW_52210005L39,DEBW_52210005L39,medium,3,165000,30774.479487258435,38436.19303549549,5018.270055488663,457.2,4.2,residential
DEBW_52210005L4M,DEBW_52210005L4M,medium,3,165000,16714.034943364262,20170.3512002902,2796.7599428050253,226.6,4.2,residential
DEBW_52210005LJS,DEBW_52210005LJS,medium,3,165000,20334.558339417952,25052.461376745203,3398.4405530500935,300.0,4.2,residential
DEBW_52210005LZh,DEBW_52210005LZh,medium,3,165000,21212.251403354392,27474.541571721293,3339.1944853983587,313.7,4.2,residential
DEBW_52210005M2x,DEBW_52210005M2x,medium,3,165000,26397.78631798625,32198.260445018128,4484.8195459009685,415.8,4.2,residential
DEBW_52210005MRo,DEBW_52210005MRo,medium,3,165000,15313.557616122913,14794.786530823827,3001.1161713102033,163.5,4.2,residential
DEBW_52210005MSz,DEBW_52210005MSz,medium,3,165000,16579.992017843007,22380.635397824124,2705.0849869431145,267.2,4.2,residential
DEBW_52210005MV3,DEBW_52210005MV3,medium,3,165000,45319.66012270916,56388.9823862925,7596.268979155632,701.9,4.2,residential
DEBW_52210005Mki,DEBW_52210005Mki,medium,3,165000,29144.466184736288,35466.846916364026,4920.959333559478,451.2,4.2,residential
DEBW_52210005N87,DEBW_52210005N87,medium,3,165000,20916.48091183613,25570.279300253165,3412.021164232145,297.1,4.2,residential
DEBW_52210005PFV,DEBW_52210005PFV,medium,3,165000,13987.896812508374,19639.894406980886,2172.7848813383985,220.9,4.2,residential
DEBW_52210005PRs,DEBW_52210005PRs,medium,3,165000,40480.29895957614,44847.27332021182,7258.3492187444945,364.1,4.2,residential
DEBW_52210005Q4u,DEBW_52210005Q4u,medium,3,165000,20405.858469413673,21419.63781681517,3779.9039352912628,256.6,4.2,residential
DEBW_52210005dgg,DEBW_52210005dgg,medium,3,165000,13182.688473929817,15429.73632872113,2273.0622716427115,165.1,4.2,residential
DEBW_52210005diH,DEBW_52210005diH,medium,3,165000,28665.541791325395,35037.269352114185,4733.535624587942,420.5,4.2,residential
DEBW_52210005djN,DEBW_52210005djN,medium,3,165000,26818.71955904029,32431.50021094968,4725.3263678258345,440.9,4.2,residential
DEBW_52210005dnU,DEBW_52210005dnU,medium,3,165000,12216.409476151175,16580.185629570562,1835.4657752172943,157.6,4.2,residential
DEBW_52210005doZ,DEBW_52210005doZ,medium,3,165000,21931.241974774137,26922.203655125817,3658.720349815692,324.2,4.2,residential
DEBW_52210005eg5,DEBW_52210005eg5,medium,3,165000,21433.93011602497,25990.62965516502,3605.796564284471,310.4,4.2,residential
DEBW_52210005ej5,DEBW_52210005ej5,medium,3,165000,22923.131374126573,28058.236889039643,3892.982011034564,348.9,4.2,residential
DEBW_52210005elC,DEBW_52210005elC,medium,3,165000,21492.174599472848,26855.930986931395,3742.1360848445024,355.5,4.2,residential
DEBW_52210005ela,DEBW_52210005ela,medium,3,165000,22422.656348892306,27499.27963772736,3641.975446880917,301.5,4.2,residential
DEBW_52210005ely,DEBW_52210005ely,medium,3,165000,10269.287399591509,13243.808341921442,1637.5767594990693,99.3,4.2,residential
DEBW_52210005em7,DEBW_52210005em7,medium,3,165000,42416.85830126803,54610.61962926212,7545.779043371534,831.7,4.2,residential
DEBW_52210005enf,DEBW_52210005enf,medium,3,165000,35448.28180981819,50598.29687820865,6376.067901737621,863.9,4.2,residential
DEBW_52210005evc,DEBW_52210005evc,medium,3,165000,24408.880376469744,29552.235658611786,4436.194236027114,411.7,4.2,residential
DEBW_52210005fBS,DEBW_52210005fBS,medium,3,165000,20738.067145664165,24662.612823917105,3784.1708267595477,363.3,4.2,residential
DEBW_52210005fRL,DEBW_52210005fRL,medium,3,165000,14264.625727647679,20098.715519246733,2137.6548394923966,215.2,4.2,residential
DEBW_52210005fRo,DEBW_52210005fRo,medium,3,165000,19569.291958180704,22822.195855705988,3744.1970586423754,325.1,4.2,residential
DEBW_52210005fiS,DEBW_52210005fiS,medium,3,165000,13566.396997537286,18899.806142091773,2049.691399753233,208.6,4.2,residential
DEBW_52210005g5H,DEBW_52210005g5H,medium,3,165000,6442.507384280168,7953.722228949838,1099.7160120652604,85.5,4.2,residential
DEBW_52210005gBZ,DEBW_52210005gBZ,medium,3,165000,18331.4369494814,22316.23798283948,2979.6689286242427,233.5,4.2,residential
DEBW_52210005gOD,DEBW_52210005gOD,medium,3,165000,25427.229561659453,30711.023629056468,4319.2335117124785,378.2,4.2,residential
DEBW_52210005gvh,DEBW_52210005gvh,medium,3,165000,15820.991736817003,23043.24830040969,2554.892768961405,335.5,4.2,residential
DEBW_52210005gwl,DEBW_52210005gwl,medium,3,165000,7455.176717965836,6872.858365811235,1524.5010973101955,53.1,4.2,residential
DEBW_52210005gxN,DEBW_52210005gxN,medium,3,165000,13489.396051290012,14317.623076378659,2656.4451395979095,194.3,4.2,residential
DEBW_52210005hG5,DEBW_52210005hG5,medium,3,165000,16910.01475051923,23934.41593086672,2751.086694169122,324.7,4.2,residential
DEBW_52210005hJf,DEBW_52210005hJf,medium,3,165000,18633.188481871413,22246.861153898397,2989.975226388154,181.4,4.2,residential
DEBW_52210005jPg,DEBW_52210005jPg,medium,3,165000,22600.44365406613,28892.883132641382,3626.4290649362206,333.6,4.2,residential
DEBW_52210005k39,DEBW_52210005k39,medium,3,165000,26983.745667510546,32460.06332658884,5199.683173732089,525.2,4.2,residential
DEBW_52210005k3y,DEBW_52210005k3y,medium,3,165000,20318.043718611818,25953.633011502607,3366.407442006911,326.4,4.2,residential
DEBW_52210005xLD,DEBW_52210005xLD,medium,3,165000,21678.876112811853,26496.301243991653,3554.5800947421285,317.3,4.2,residential
DEBW_52210005xM5,DEBW_52210005xM5,medium,3,165000,25937.56650239412,31791.9079485503,4283.302701132101,380.5,4.2,residential
DEBW_52210005xO2,DEBW_52210005xO2,medium,3,165000,13529.108368564679,18603.708913525305,2099.5639508432087,223.3,4.2,residential
DEBW_52210005xRe,DEBW_52210005xRe,medium,3,165000,6553.418406681778,7477.445883845322,1103.8004585793183,76.6,4.2,residential
DEBW_52210005xix,DEBW_52210005xix,medium,3,165000,17207.248102681577,21465.028576358633,2704.0971409627386,202.1,4.2,residential
DEBW_52210005xzK,DEBW_52210005xzK,medium,3,165000,14148.283499912468,20253.058945260083,2130.381170697774,230.0,4.2,residential
DEBW_52210005y1r,DEBW_52210005y1r,medium,3,165000,25639.926644115283,33017.25015315797,3962.646151805701,356.9,4.2,residential
DEBW_52210005y86,DEBW_52210005y86,medium,3,165000,20934.17070288029,25556.291645446086,3378.6010193824263,283.8,4.2,residential
DEBW_52210005yG0,DEBW_52210005yG0,medium,3,165000,28415.90044563682,36436.41533577298,4429.812261817599,423.5,4.2,residential
DEBW_52210005yIg,DEBW_52210005yIg,medium,3,165000,16768.529353380207,23418.186288058543,2798.736822615198,309.5,4.2,residential
DEBW_52210005yi4,DEBW_52210005yi4,medium,3,165000,7712.561685026061,10068.018652850084,1497.0708625480113,136.3,4.2,residential
DEBW_52210005yjZ,DEBW_52210005yjZ,medium,3,165000,26955.928096568103,33215.793254970034,4591.61800855568,423.5,4.2,residential
DEBW_52210005ylp,DEBW_52210005ylp,medium,3,165000,18998.381738112108,26831.36805736302,3189.7646404105803,386.7,4.2,residential
DEBW_52210005ynV,DEBW_52210005ynV,medium,3,165000,7915.426811572833,6569.056201203916,1833.5525677662906,84.6,4.2,residential
DEBW_52210005yqw,DEBW_52210005yqw,medium,3,165000,28192.088818386743,34151.77981611931,4734.786073081096,419.1,4.2,residential
DEBW_52210005yrw,DEBW_52210005yrw,medium,3,165000,35521.60509769827,45627.52604867404,5863.498487248178,605.2,4.2,residential
DEBW_52210005zVK,DEBW_52210005zVK,medium,3,165000,20846.107500015078,20565.14403484466,4249.995803800443,299.3,4.2,residential
DEBW_52210005zd7,DEBW_52210005zd7,medium,3,165000,17737.67711805773,21566.81595970099,3341.5367594990207,338.7,4.2,residential
DEBW_52210005zmV,DEBW_52210005zmV,medium,3,165000,25640.966878771498,34287.5055495088,4996.901196029981,641.1,4.2,residential
DEBW_522100060Iy,DEBW_522100060Iy,medium,3,165000,23936.88230154787,29830.94820870356,4082.504292274241,385.1,4.2,residential
DEBW_522100060Oq,DEBW_522100060Oq,medium,3,165000,14895.611736992169,21166.69643086208,2365.448239663042,294.6,4.2,residential
DEBW_522100060XU,DEBW_522100060XU,medium,3,165000,12522.407143139517,17305.66828624703,1840.0148656677068,169.3,4.2,residential
DEBW_522100060Xf,DEBW_522100060Xf,medium,3,165000,28341.129416056876,34766.86697316178,4990.380152761311,482.1,4.2,residential
DEBW_522100060Xq,DEBW_522100060Xq,medium,3,165000,12793.400114314292,18303.635957538274,1789.4842624752819,167.8,4.2,residential
DEBW_522100060vu,DEBW_522100060vu,medium,3,165000,16600.958201040346,20977.65532925467,2864.7563511378794,297.7,4.2,residential
DEBW_5221000619W,DEBW_5221000619W,medium,3,165000,16336.898759811149,21850.4618351936,2858.312085087915,304.2,4.2,residential
DEBW_5221000629z,DEBW_5221000629z,medium,3,165000,12183.940818475548,13688.696893202889,2380.256049432405,77.5,4.2,residential
DEBW_522100063eT,DEBW_522100063eT,medium,3,165000,71462.38459352538,134594.42298326964,13051.018761590407,3143.4,4.2,residential
DEBW_5221000647b,DEBW_5221000647b,medium,3,165000,22576.548909116173,27395.09841532962,3916.4439026075115,334.4,4.2,residential
DEBW_522100064GG,DEBW_522100064GG,medium,3,165000,26260.041981186885,32006.83763216889,4289.350026007021,350.2,4.2,residential
DEBW_52210006GkA,DEBW_52210006GkA,medium,3,165000,22062.182137326578,27858.090859692773,3713.4591295952832,360.6,4.2,residential
DEBW_52210006HCZ,DEBW_52210006HCZ,medium,3,165000,31266.526481146724,41030.76462351416,5180.6115622464395,550.0,4.2,residential
DEBW_52210006HXy,DEBW_52210006HXy,medium,3,165000,15658.76844493969,18480.732588879047,2819.3818293128516,192.3,4.2,residential
DEBW_52210006Hkl,DEBW_52210006Hkl,medium,3,165000,16872.44241933145,24785.061983047464,2528.8157021423244,316.7,4.2,residential
DEBW_52210006Hwg,DEBW_52210006Hwg,medium,3,165000,49970.062718442845,45625.16624933604,11232.258985942426,851.2,4.2,residential
DEBW_52210006I2P,DEBW_52210006I2P,medium,3,165000,22695.631651136802,28191.140985814876,3647.4206985557626,311.4,4.2,residential
DEBW_52210006I2R,DEBW_52210006I2R,medium,3,165000,34873.5700876495,45521.02372660259,5616.688559753425,581.3,4.2,residential
DEBW_52210006Id7,DEBW_52210006Id7,medium,3,165000,20738.92041899255,26366.193621693714,3072.5793117374496,239.4,4.2,residential
DEBW_52210006IeR,DEBW_52210006IeR,medium,3,165000,13568.557341687236,16645.40177212136,2138.1493743414812,136.9,4.2,residential
DEBW_52210006InL,DEBW_52210006InL,medium,3,165000,21635.69425247529,26794.04810639421,3394.064755918652,246.9,4.2,residential
DEBW_52210006Iok,DEBW_52210006Iok,medium,3,165000,16701.638668265605,22143.700497149777,2668.6507558540934,246.1,4.2,residential
DEBW_52210006Isp,DEBW_52210006Isp,medium,3,165000,19626.98868462319,23681.91458943237,3137.9389067670827,212.9,4.2,residential
DEBW_52210006IxM,DEBW_52210006IxM,medium,3,165000,64618.068510333294,83864.20660931859,12064.639611374394,1406.2,4.2,residential
DEBW_52210006J1X,DEBW_52210006J1X,medium,3,165000,15800.030049770503,14874.460615174632,3257.7592450666025,211.3,4.2,residential
DEBW_52210006J9b,DEBW_52210006J9b,medium,3,165000,37794.67452229868,46626.17361168862,6494.142866875113,615.6,4.2,residential
DEBW_52210006JsB,DEBW_52210006JsB,medium,3,165000,25638.696213539257,33366.60790266013,4081.354833699594,434.9,4.2,residential
DEBW_52210006KHx,DEBW_52210006KHx,medium,3,165000,26945.057715291186,32998.995630844554,4386.552536376863,399.6,4.2,residential
DEBW_52210006KZK,DEBW_52210006KZK,medium,3,165000,17700.247229298042,21706.619756122964,2787.134722606948,207.8,4.2,residential
DEBW_52210006KbP,DEBW_52210006KbP,medium,3,165000,20758.505257117584,25516.180476349036,3318.3609238365143,285.1,4.2,residential
DEBW_52210006KcE,DEBW_52210006KcE,medium,3,165000,23293.365213897963,29867.230095766452,3941.245403361901,399.2,4.2,residential
DEBW_52210006Krt,DEBW_52210006Krt,medium,3,165000,14455.258252183135,14091.199924921866,2876.5534651157827,166.7,4.2,residential
DEBW_52210006NMW,DEBW_52210006NMW,medium,3,165000,23440.517322969143,28434.025840554576,3844.188620601627,328.3,4.2,residential
DEBW_52210006NNm,DEBW_52210006NNm,medium,3,165000,16806.09667035256,17785.271024814727,3505.6607514799534,273.0,4.2,residential
DEBW_5221Us0004K,DEBW_5221Us0004K,medium,3,165000,28382.322992626632,28220.41120040296,5374.033197112679,298.1,4.2,residential
DEBW_522Ue00002q,DEBW_522Ue00002q,medium,3,165000,21131.637210601555,25230.55600537378,3395.867155244047,238.4,4.2,residential
