Building ID,season,status,rc_file,sim_file,plot_file,window_start_hour,window_end_hour_exclusive,plotted_hours,window_mode
DEBW_522100051DN,Winter,ok,F:\Backup_project1\20260527_RC_Refurbishment_f2\RC_BuildingSimulator\rc_simulator\CSV_Import\data\Rc_Hourly_Results\03_medium\rc_hourly_DEBW_522100051DN_03_medium.csv,F:\Backup_project1\20260527_RC_Refurbishment_f2\RC_BuildingSimulator\rc_simulator\CSV_Import\data\SimStadt_Hourly_Heat_Demand\DEBW_522100051DN_hourly_demand.prn,F:\Backup_project1\20260527_RC_Refurbishment_f2\RC_BuildingSimulator\rc_simulator\CSV_Import\data\comparisons_all\representative_14day_plots\DEBW_522100051DN_winter_14day_hourly_comparison.png,648,984,336,manual-date
DEBW_522100051DN,Spring,ok,F:\Backup_project1\20260527_RC_Refurbishment_f2\RC_BuildingSimulator\rc_simulator\CSV_Import\data\Rc_Hourly_Results\03_medium\rc_hourly_DEBW_522100051DN_03_medium.csv,F:\Backup_project1\20260527_RC_Refurbishment_f2\RC_BuildingSimulator\rc_simulator\CSV_Import\data\SimStadt_Hourly_Heat_Demand\DEBW_522100051DN_hourly_demand.prn,F:\Backup_project1\20260527_RC_Refurbishment_f2\RC_BuildingSimulator\rc_simulator\CSV_Import\data\comparisons_all\representative_14day_plots\DEBW_522100051DN_spring_14day_hourly_comparison.png,2304,2640,336,manual-date
DEBW_522100051DN,Summer,ok,F:\Backup_project1\20260527_RC_Refurbishment_f2\RC_BuildingSimulator\rc_simulator\CSV_Import\data\Rc_Hourly_Results\03_medium\rc_hourly_DEBW_522100051DN_03_medium.csv,F:\Backup_project1\20260527_RC_Refurbishment_f2\RC_BuildingSimulator\rc_simulator\CSV_Import\data\SimStadt_Hourly_Heat_Demand\DEBW_522100051DN_hourly_demand.prn,F:\Backup_project1\20260527_RC_Refurbishment_f2\RC_BuildingSimulator\rc_simulator\CSV_Import\data\comparisons_all\representative_14day_plots\DEBW_522100051DN_summer_14day_hourly_comparison.png,5424,5760,336,manual-date
DEBW_522100054BV,Winter,ok,F:\Backup_project1\20260527_RC_Refurbishment_f2\RC_BuildingSimulator\rc_simulator\CSV_Import\data\Rc_Hourly_Results\03_medium\rc_hourly_DEBW_522100054BV_03_medium.csv,F:\Backup_project1\20260527_RC_Refurbishment_f2\RC_BuildingSimulator\rc_simulator\CSV_Import\data\SimStadt_Hourly_Heat_Demand\DEBW_522100054BV_hourly_demand.prn,F:\Backup_project1\20260527_RC_Refurbishment_f2\RC_BuildingSimulator\rc_simulator\CSV_Import\data\comparisons_all\representative_14day_plots\DEBW_522100054BV_winter_14day_hourly_comparison.png,648,984,336,manual-date
DEBW_522100054BV,Spring,ok,F:\Backup_project1\20260527_RC_Refurbishment_f2\RC_BuildingSimulator\rc_simulator\CSV_Import\data\Rc_Hourly_Results\03_medium\rc_hourly_DEBW_522100054BV_03_medium.csv,F:\Backup_project1\20260527_RC_Refurbishment_f2\RC_BuildingSimulator\rc_simulator\CSV_Import\data\SimStadt_Hourly_Heat_Demand\DEBW_522100054BV_hourly_demand.prn,F:\Backup_project1\20260527_RC_Refurbishment_f2\RC_BuildingSimulator\rc_simulator\CSV_Import\data\comparisons_all\representative_14day_plots\DEBW_522100054BV_spring_14day_hourly_comparison.png,2304,2640,336,manual-date
DEBW_522100054BV,Summer,ok,F:\Backup_project1\20260527_RC_Refurbishment_f2\RC_BuildingSimulator\rc_simulator\CSV_Import\data\Rc_Hourly_Results\03_medium\rc_hourly_DEBW_522100054BV_03_medium.csv,F:\Backup_project1\20260527_RC_Refurbishment_f2\RC_BuildingSimulator\rc_simulator\CSV_Import\data\SimStadt_Hourly_Heat_Demand\DEBW_522100054BV_hourly_demand.prn,F:\Backup_project1\20260527_RC_Refurbishment_f2\RC_BuildingSimulator\rc_simulator\CSV_Import\data\comparisons_all\representative_14day_plots\DEBW_522100054BV_summer_14day_hourly_comparison.png,5424,5760,336,manual-date
DEBW_52210004ewN,Winter,ok,F:\Backup_project1\20260527_RC_Refurbishment_f2\RC_BuildingSimulator\rc_simulator\CSV_Import\data\Rc_Hourly_Results\03_medium\rc_hourly_DEBW_52210004ewN__01_03_medium.csv,F:\Backup_project1\20260527_RC_Refurbishment_f2\RC_BuildingSimulator\rc_simulator\CSV_Import\data\SimStadt_Hourly_Heat_Demand\DEBW_52210004ewn_hourly_demand.prn,F:\Backup_project1\20260527_RC_Refurbishment_f2\RC_BuildingSimulator\rc_simulator\CSV_Import\data\comparisons_all\representative_14day_plots\DEBW_52210004ewN_winter_14day_hourly_comparison.png,648,984,336,manual-date
DEBW_52210004ewN,Spring,ok,F:\Backup_project1\20260527_RC_Refurbishment_f2\RC_BuildingSimulator\rc_simulator\CSV_Import\data\Rc_Hourly_Results\03_medium\rc_hourly_DEBW_52210004ewN__01_03_medium.csv,F:\Backup_project1\20260527_RC_Refurbishment_f2\RC_BuildingSimulator\rc_simulator\CSV_Import\data\SimStadt_Hourly_Heat_Demand\DEBW_52210004ewn_hourly_demand.prn,F:\Backup_project1\20260527_RC_Refurbishment_f2\RC_BuildingSimulator\rc_simulator\CSV_Import\data\comparisons_all\representative_14day_plots\DEBW_52210004ewN_spring_14day_hourly_comparison.png,2304,2640,336,manual-date
DEBW_52210004ewN,Summer,ok,F:\Backup_project1\20260527_RC_Refurbishment_f2\RC_BuildingSimulator\rc_simulator\CSV_Import\data\Rc_Hourly_Results\03_medium\rc_hourly_DEBW_52210004ewN__01_03_medium.csv,F:\Backup_project1\20260527_RC_Refurbishment_f2\RC_BuildingSimulator\rc_simulator\CSV_Import\data\SimStadt_Hourly_Heat_Demand\DEBW_52210004ewn_hourly_demand.prn,F:\Backup_project1\20260527_RC_Refurbishment_f2\RC_BuildingSimulator\rc_simulator\CSV_Import\data\comparisons_all\representative_14day_plots\DEBW_52210004ewN_summer_14day_hourly_comparison.png,5424,5760,336,manual-date
DEBW_52210003qwF,Winter,ok,F:\Backup_project1\20260527_RC_Refurbishment_f2\RC_BuildingSimulator\rc_simulator\CSV_Import\data\Rc_Hourly_Results\03_medium\rc_hourly_DEBW_52210003qwF_03_medium.csv,F:\Backup_project1\20260527_RC_Refurbishment_f2\RC_BuildingSimulator\rc_simulator\CSV_Import\data\SimStadt_Hourly_Heat_Demand\DEBW_52210003qwF_hourly_demand.prn,F:\Backup_project1\20260527_RC_Refurbishment_f2\RC_BuildingSimulator\rc_simulator\CSV_Import\data\comparisons_all\representative_14day_plots\DEBW_52210003qwF_winter_14day_hourly_comparison.png,648,984,336,manual-date
DEBW_52210003qwF,Spring,ok,F:\Backup_project1\20260527_RC_Refurbishment_f2\RC_BuildingSimulator\rc_simulator\CSV_Import\data\Rc_Hourly_Results\03_medium\rc_hourly_DEBW_52210003qwF_03_medium.csv,F:\Backup_project1\20260527_RC_Refurbishment_f2\RC_BuildingSimulator\rc_simulator\CSV_Import\data\SimStadt_Hourly_Heat_Demand\DEBW_52210003qwF_hourly_demand.prn,F:\Backup_project1\20260527_RC_Refurbishment_f2\RC_BuildingSimulator\rc_simulator\CSV_Import\data\comparisons_all\representative_14day_plots\DEBW_52210003qwF_spring_14day_hourly_comparison.png,2304,2640,336,manual-date
DEBW_52210003qwF,Summer,ok,F:\Backup_project1\20260527_RC_Refurbishment_f2\RC_BuildingSimulator\rc_simulator\CSV_Import\data\Rc_Hourly_Results\03_medium\rc_hourly_DEBW_52210003qwF_03_medium.csv,F:\Backup_project1\20260527_RC_Refurbishment_f2\RC_BuildingSimulator\rc_simulator\CSV_Import\data\SimStadt_Hourly_Heat_Demand\DEBW_52210003qwF_hourly_demand.prn,F:\Backup_project1\20260527_RC_Refurbishment_f2\RC_BuildingSimulator\rc_simulator\CSV_Import\data\comparisons_all\representative_14day_plots\DEBW_52210003qwF_summer_14day_hourly_comparison.png,5424,5760,336,manual-date
DEBW_52210004IuQ,Winter,ok,F:\Backup_project1\20260527_RC_Refurbishment_f2\RC_BuildingSimulator\rc_simulator\CSV_Import\data\Rc_Hourly_Results\03_medium\rc_hourly_DEBW_52210004IuQ_03_medium.csv,F:\Backup_project1\20260527_RC_Refurbishment_f2\RC_BuildingSimulator\rc_simulator\CSV_Import\data\SimStadt_Hourly_Heat_Demand\DEBW_52210004IuQ_hourly_demand.prn,F:\Backup_project1\20260527_RC_Refurbishment_f2\RC_BuildingSimulator\rc_simulator\CSV_Import\data\comparisons_all\representative_14day_plots\DEBW_52210004IuQ_winter_14day_hourly_comparison.png,648,984,336,manual-date
DEBW_52210004IuQ,Spring,ok,F:\Backup_project1\20260527_RC_Refurbishment_f2\RC_BuildingSimulator\rc_simulator\CSV_Import\data\Rc_Hourly_Results\03_medium\rc_hourly_DEBW_52210004IuQ_03_medium.csv,F:\Backup_project1\20260527_RC_Refurbishment_f2\RC_BuildingSimulator\rc_simulator\CSV_Import\data\SimStadt_Hourly_Heat_Demand\DEBW_52210004IuQ_hourly_demand.prn,F:\Backup_project1\20260527_RC_Refurbishment_f2\RC_BuildingSimulator\rc_simulator\CSV_Import\data\comparisons_all\representative_14day_plots\DEBW_52210004IuQ_spring_14day_hourly_comparison.png,2304,2640,336,manual-date
DEBW_52210004IuQ,Summer,ok,F:\Backup_project1\20260527_RC_Refurbishment_f2\RC_BuildingSimulator\rc_simulator\CSV_Import\data\Rc_Hourly_Results\03_medium\rc_hourly_DEBW_52210004IuQ_03_medium.csv,F:\Backup_project1\20260527_RC_Refurbishment_f2\RC_BuildingSimulator\rc_simulator\CSV_Import\data\SimStadt_Hourly_Heat_Demand\DEBW_52210004IuQ_hourly_demand.prn,F:\Backup_project1\20260527_RC_Refurbishment_f2\RC_BuildingSimulator\rc_simulator\CSV_Import\data\comparisons_all\representative_14day_plots\DEBW_52210004IuQ_summer_14day_hourly_comparison.png,5424,5760,336,manual-date
DEBW_52210005eg5,Winter,ok,F:\Backup_project1\20260527_RC_Refurbishment_f2\RC_BuildingSimulator\rc_simulator\CSV_Import\data\Rc_Hourly_Results\03_medium\rc_hourly_DEBW_52210005eg5_03_medium.csv,F:\Backup_project1\20260527_RC_Refurbishment_f2\RC_BuildingSimulator\rc_simulator\CSV_Import\data\SimStadt_Hourly_Heat_Demand\DEBW_52210005eg5_hourly_demand.prn,F:\Backup_project1\20260527_RC_Refurbishment_f2\RC_BuildingSimulator\rc_simulator\CSV_Import\data\comparisons_all\representative_14day_plots\DEBW_52210005eg5_winter_14day_hourly_comparison.png,648,984,336,manual-date
DEBW_52210005eg5,Spring,ok,F:\Backup_project1\20260527_RC_Refurbishment_f2\RC_BuildingSimulator\rc_simulator\CSV_Import\data\Rc_Hourly_Results\03_medium\rc_hourly_DEBW_52210005eg5_03_medium.csv,F:\Backup_project1\20260527_RC_Refurbishment_f2\RC_BuildingSimulator\rc_simulator\CSV_Import\data\SimStadt_Hourly_Heat_Demand\DEBW_52210005eg5_hourly_demand.prn,F:\Backup_project1\20260527_RC_Refurbishment_f2\RC_BuildingSimulator\rc_simulator\CSV_Import\data\comparisons_all\representative_14day_plots\DEBW_52210005eg5_spring_14day_hourly_comparison.png,2304,2640,336,manual-date
DEBW_52210005eg5,Summer,ok,F:\Backup_project1\20260527_RC_Refurbishment_f2\RC_BuildingSimulator\rc_simulator\CSV_Import\data\Rc_Hourly_Results\03_medium\rc_hourly_DEBW_52210005eg5_03_medium.csv,F:\Backup_project1\20260527_RC_Refurbishment_f2\RC_BuildingSimulator\rc_simulator\CSV_Import\data\SimStadt_Hourly_Heat_Demand\DEBW_52210005eg5_hourly_demand.prn,F:\Backup_project1\20260527_RC_Refurbishment_f2\RC_BuildingSimulator\rc_simulator\CSV_Import\data\comparisons_all\representative_14day_plots\DEBW_52210005eg5_summer_14day_hourly_comparison.png,5424,5760,336,manual-date
DEBW_52210005gOD,Winter,ok,F:\Backup_project1\20260527_RC_Refurbishment_f2\RC_BuildingSimulator\rc_simulator\CSV_Import\data\Rc_Hourly_Results\03_medium\rc_hourly_DEBW_52210005gOD_03_medium.csv,F:\Backup_project1\20260527_RC_Refurbishment_f2\RC_BuildingSimulator\rc_simulator\CSV_Import\data\SimStadt_Hourly_Heat_Demand\DEBW_52210005gOD_hourly_demand.prn,F:\Backup_project1\20260527_RC_Refurbishment_f2\RC_BuildingSimulator\rc_simulator\CSV_Import\data\comparisons_all\representative_14day_plots\DEBW_52210005gOD_winter_14day_hourly_comparison.png,648,984,336,manual-date
DEBW_52210005gOD,Spring,ok,F:\Backup_project1\20260527_RC_Refurbishment_f2\RC_BuildingSimulator\rc_simulator\CSV_Import\data\Rc_Hourly_Results\03_medium\rc_hourly_DEBW_52210005gOD_03_medium.csv,F:\Backup_project1\20260527_RC_Refurbishment_f2\RC_BuildingSimulator\rc_simulator\CSV_Import\data\SimStadt_Hourly_Heat_Demand\DEBW_52210005gOD_hourly_demand.prn,F:\Backup_project1\20260527_RC_Refurbishment_f2\RC_BuildingSimulator\rc_simulator\CSV_Import\data\comparisons_all\representative_14day_plots\DEBW_52210005gOD_spring_14day_hourly_comparison.png,2304,2640,336,manual-date
DEBW_52210005gOD,Summer,ok,F:\Backup_project1\20260527_RC_Refurbishment_f2\RC_BuildingSimulator\rc_simulator\CSV_Import\data\Rc_Hourly_Results\03_medium\rc_hourly_DEBW_52210005gOD_03_medium.csv,F:\Backup_project1\20260527_RC_Refurbishment_f2\RC_BuildingSimulator\rc_simulator\CSV_Import\data\SimStadt_Hourly_Heat_Demand\DEBW_52210005gOD_hourly_demand.prn,F:\Backup_project1\20260527_RC_Refurbishment_f2\RC_BuildingSimulator\rc_simulator\CSV_Import\data\comparisons_all\representative_14day_plots\DEBW_52210005gOD_summer_14day_hourly_comparison.png,5424,5760,336,manual-date
DEBW_52210004y9B,Winter,ok,F:\Backup_project1\20260527_RC_Refurbishment_f2\RC_BuildingSimulator\rc_simulator\CSV_Import\data\Rc_Hourly_Results\03_medium\rc_hourly_DEBW_52210004y9B_03_medium.csv,F:\Backup_project1\20260527_RC_Refurbishment_f2\RC_BuildingSimulator\rc_simulator\CSV_Import\data\SimStadt_Hourly_Heat_Demand\DEBW_52210004y9B_hourly_demand.prn,F:\Backup_project1\20260527_RC_Refurbishment_f2\RC_BuildingSimulator\rc_simulator\CSV_Import\data\comparisons_all\representative_14day_plots\DEBW_52210004y9B_winter_14day_hourly_comparison.png,648,984,336,manual-date
DEBW_52210004y9B,Spring,ok,F:\Backup_project1\20260527_RC_Refurbishment_f2\RC_BuildingSimulator\rc_simulator\CSV_Import\data\Rc_Hourly_Results\03_medium\rc_hourly_DEBW_52210004y9B_03_medium.csv,F:\Backup_project1\20260527_RC_Refurbishment_f2\RC_BuildingSimulator\rc_simulator\CSV_Import\data\SimStadt_Hourly_Heat_Demand\DEBW_52210004y9B_hourly_demand.prn,F:\Backup_project1\20260527_RC_Refurbishment_f2\RC_BuildingSimulator\rc_simulator\CSV_Import\data\comparisons_all\representative_14day_plots\DEBW_52210004y9B_spring_14day_hourly_comparison.png,2304,2640,336,manual-date
DEBW_52210004y9B,Summer,ok,F:\Backup_project1\20260527_RC_Refurbishment_f2\RC_BuildingSimulator\rc_simulator\CSV_Import\data\Rc_Hourly_Results\03_medium\rc_hourly_DEBW_52210004y9B_03_medium.csv,F:\Backup_project1\20260527_RC_Refurbishment_f2\RC_BuildingSimulator\rc_simulator\CSV_Import\data\SimStadt_Hourly_Heat_Demand\DEBW_52210004y9B_hourly_demand.prn,F:\Backup_project1\20260527_RC_Refurbishment_f2\RC_BuildingSimulator\rc_simulator\CSV_Import\data\comparisons_all\representative_14day_plots\DEBW_52210004y9B_summer_14day_hourly_comparison.png,5424,5760,336,manual-date
DEBW_52210005Mki,Winter,ok,F:\Backup_project1\20260527_RC_Refurbishment_f2\RC_BuildingSimulator\rc_simulator\CSV_Import\data\Rc_Hourly_Results\03_medium\rc_hourly_DEBW_52210005Mki_03_medium.csv,F:\Backup_project1\20260527_RC_Refurbishment_f2\RC_BuildingSimulator\rc_simulator\CSV_Import\data\SimStadt_Hourly_Heat_Demand\DEBW_52210005Mki_hourly_demand.prn,F:\Backup_project1\20260527_RC_Refurbishment_f2\RC_BuildingSimulator\rc_simulator\CSV_Import\data\comparisons_all\representative_14day_plots\DEBW_52210005Mki_winter_14day_hourly_comparison.png,648,984,336,manual-date
DEBW_52210005Mki,Spring,ok,F:\Backup_project1\20260527_RC_Refurbishment_f2\RC_BuildingSimulator\rc_simulator\CSV_Import\data\Rc_Hourly_Results\03_medium\rc_hourly_DEBW_52210005Mki_03_medium.csv,F:\Backup_project1\20260527_RC_Refurbishment_f2\RC_BuildingSimulator\rc_simulator\CSV_Import\data\SimStadt_Hourly_Heat_Demand\DEBW_52210005Mki_hourly_demand.prn,F:\Backup_project1\20260527_RC_Refurbishment_f2\RC_BuildingSimulator\rc_simulator\CSV_Import\data\comparisons_all\representative_14day_plots\DEBW_52210005Mki_spring_14day_hourly_comparison.png,2304,2640,336,manual-date
DEBW_52210005Mki,Summer,ok,F:\Backup_project1\20260527_RC_Refurbishment_f2\RC_BuildingSimulator\rc_simulator\CSV_Import\data\Rc_Hourly_Results\03_medium\rc_hourly_DEBW_52210005Mki_03_medium.csv,F:\Backup_project1\20260527_RC_Refurbishment_f2\RC_BuildingSimulator\rc_simulator\CSV_Import\data\SimStadt_Hourly_Heat_Demand\DEBW_52210005Mki_hourly_demand.prn,F:\Backup_project1\20260527_RC_Refurbishment_f2\RC_BuildingSimulator\rc_simulator\CSV_Import\data\comparisons_all\representative_14day_plots\DEBW_52210005Mki_summer_14day_hourly_comparison.png,5424,5760,336,manual-date
DEBW_52210005L39,Winter,ok,F:\Backup_project1\20260527_RC_Refurbishment_f2\RC_BuildingSimulator\rc_simulator\CSV_Import\data\Rc_Hourly_Results\03_medium\rc_hourly_DEBW_52210005L39_03_medium.csv,F:\Backup_project1\20260527_RC_Refurbishment_f2\RC_BuildingSimulator\rc_simulator\CSV_Import\data\SimStadt_Hourly_Heat_Demand\DEBW_52210005L39_hourly_demand.prn,F:\Backup_project1\20260527_RC_Refurbishment_f2\RC_BuildingSimulator\rc_simulator\CSV_Import\data\comparisons_all\representative_14day_plots\DEBW_52210005L39_winter_14day_hourly_comparison.png,648,984,336,manual-date
DEBW_52210005L39,Spring,ok,F:\Backup_project1\20260527_RC_Refurbishment_f2\RC_BuildingSimulator\rc_simulator\CSV_Import\data\Rc_Hourly_Results\03_medium\rc_hourly_DEBW_52210005L39_03_medium.csv,F:\Backup_project1\20260527_RC_Refurbishment_f2\RC_BuildingSimulator\rc_simulator\CSV_Import\data\SimStadt_Hourly_Heat_Demand\DEBW_52210005L39_hourly_demand.prn,F:\Backup_project1\20260527_RC_Refurbishment_f2\RC_BuildingSimulator\rc_simulator\CSV_Import\data\comparisons_all\representative_14day_plots\DEBW_52210005L39_spring_14day_hourly_comparison.png,2304,2640,336,manual-date
DEBW_52210005L39,Summer,ok,F:\Backup_project1\20260527_RC_Refurbishment_f2\RC_BuildingSimulator\rc_simulator\CSV_Import\data\Rc_Hourly_Results\03_medium\rc_hourly_DEBW_52210005L39_03_medium.csv,F:\Backup_project1\20260527_RC_Refurbishment_f2\RC_BuildingSimulator\rc_simulator\CSV_Import\data\SimStadt_Hourly_Heat_Demand\DEBW_52210005L39_hourly_demand.prn,F:\Backup_project1\20260527_RC_Refurbishment_f2\RC_BuildingSimulator\rc_simulator\CSV_Import\data\comparisons_all\representative_14day_plots\DEBW_52210005L39_summer_14day_hourly_comparison.png,5424,5760,336,manual-date
